-- phpMyAdmin SQL Dump
-- version 5.2.2
-- https://www.phpmyadmin.net/
--
-- Host: localhost:3306
-- Generation Time: Nov 28, 2025 at 05:30 AM
-- Server version: 8.4.3
-- PHP Version: 8.3.26

SET SQL_MODE = "NO_AUTO_VALUE_ON_ZERO";
START TRANSACTION;
SET time_zone = "+00:00";


/*!40101 SET @OLD_CHARACTER_SET_CLIENT=@@CHARACTER_SET_CLIENT */;
/*!40101 SET @OLD_CHARACTER_SET_RESULTS=@@CHARACTER_SET_RESULTS */;
/*!40101 SET @OLD_COLLATION_CONNECTION=@@COLLATION_CONNECTION */;
/*!40101 SET NAMES utf8mb4 */;

--
-- Database: `u500054717_cbt_app`
--

-- --------------------------------------------------------

--
-- Table structure for table `classes`
--

CREATE TABLE `classes` (
  `id` int NOT NULL,
  `class_name` varchar(100) COLLATE utf8mb4_general_ci NOT NULL,
  `description` text COLLATE utf8mb4_general_ci,
  `created_at` timestamp NOT NULL DEFAULT CURRENT_TIMESTAMP
) ENGINE=InnoDB DEFAULT CHARSET=utf8mb4 COLLATE=utf8mb4_general_ci;

--
-- Dumping data for table `classes`
--

INSERT INTO `classes` (`id`, `class_name`, `description`, `created_at`) VALUES
(15, 'dsfsfs', 'fsf', '2025-11-28 05:26:41'),
(16, 'dsfsfs', 'fsf', '2025-11-28 05:26:41');

-- --------------------------------------------------------

--
-- Table structure for table `class_members`
--

CREATE TABLE `class_members` (
  `id` int NOT NULL,
  `class_id` int NOT NULL,
  `student_id` int NOT NULL
) ENGINE=InnoDB DEFAULT CHARSET=utf8mb4 COLLATE=utf8mb4_general_ci;

--
-- Dumping data for table `class_members`
--

INSERT INTO `class_members` (`id`, `class_id`, `student_id`) VALUES
(309, 15, 12),
(310, 16, 12);

-- --------------------------------------------------------

--
-- Table structure for table `media_files`
--

CREATE TABLE `media_files` (
  `id` int NOT NULL,
  `folder_id` int NOT NULL DEFAULT '0' COMMENT '0 = Root (Di luar folder)',
  `file_name` varchar(255) NOT NULL,
  `file_path` varchar(255) NOT NULL,
  `file_type` enum('image','audio','video','document') NOT NULL,
  `file_size` int NOT NULL COMMENT 'Dalam Byte',
  `created_at` timestamp NOT NULL DEFAULT CURRENT_TIMESTAMP
) ENGINE=InnoDB DEFAULT CHARSET=utf8mb4 COLLATE=utf8mb4_0900_ai_ci;

--
-- Dumping data for table `media_files`
--

INSERT INTO `media_files` (`id`, `folder_id`, `file_name`, `file_path`, `file_type`, `file_size`, `created_at`) VALUES
(6, 0, 'WhatsApp Image 2025-11-27 at 14.35.46.jpeg', 'uploads/images/med_6928e5860b0838.45763871.jpeg', 'image', 70672, '2025-11-27 23:57:58'),
(7, 0, 'WhatsApp Image 2025-11-27 at 12.04.05.jpeg', 'uploads/images/med_6928ef13b41f23.87374635.jpeg', 'image', 34993, '2025-11-28 00:38:43'),
(8, 0, 'WhatsApp Image 2025-11-27 at 12.16.48.jpeg', 'uploads/images/med_6928ef165a43b8.91606007.jpeg', 'image', 28274, '2025-11-28 00:38:46'),
(9, 0, 'WhatsApp Image 2025-11-17 at 16.11.33.jpeg', 'uploads/images/med_6928ef20ccb933.95709918.jpeg', 'image', 69835, '2025-11-28 00:38:56'),
(10, 0, 'Foto kampung.jpeg', 'uploads/images/med_6928ef397f4889.86195405.jpeg', 'image', 230171, '2025-11-28 00:39:21'),
(11, 0, 'WhatsApp Image 2025-11-18 at 13.29.41.jpeg', 'uploads/images/med_6928ef40b5e733.29289091.jpeg', 'image', 124942, '2025-11-28 00:39:28'),
(12, 0, 'Recording.m4a', 'uploads/audio/med_6928f0030f5355.40446415.m4a', 'audio', 112936, '2025-11-28 00:42:43'),
(13, 0, 'Recording.m4a', 'uploads/audio/med_6928f00ea9cdd6.78725324.m4a', 'audio', 112936, '2025-11-28 00:42:54'),
(14, 0, 'Recording.m4a', 'uploads/audio/med_6928f144c3ad38.96411654.m4a', 'audio', 112936, '2025-11-28 00:48:04');

-- --------------------------------------------------------

--
-- Table structure for table `media_folders`
--

CREATE TABLE `media_folders` (
  `id` int NOT NULL,
  `name` varchar(100) NOT NULL,
  `parent_id` int NOT NULL DEFAULT '0' COMMENT '0 = Root (Folder Utama)',
  `created_at` timestamp NOT NULL DEFAULT CURRENT_TIMESTAMP
) ENGINE=InnoDB DEFAULT CHARSET=utf8mb4 COLLATE=utf8mb4_0900_ai_ci;

-- --------------------------------------------------------

--
-- Table structure for table `questions`
--

CREATE TABLE `questions` (
  `id` int NOT NULL,
  `question_text` text COLLATE utf8mb4_general_ci NOT NULL,
  `image_path` varchar(255) COLLATE utf8mb4_general_ci DEFAULT NULL,
  `audio_path` varchar(255) COLLATE utf8mb4_general_ci DEFAULT NULL,
  `package_id` int DEFAULT NULL,
  `options` longtext CHARACTER SET utf8mb4 COLLATE utf8mb4_bin NOT NULL,
  `correct_answer` char(1) COLLATE utf8mb4_general_ci NOT NULL COMMENT 'Kunci jawaban, misal: A, B, C, D',
  `created_at` timestamp NOT NULL DEFAULT CURRENT_TIMESTAMP
) ;

--
-- Dumping data for table `questions`
--

INSERT INTO `questions` (`id`, `question_text`, `image_path`, `audio_path`, `package_id`, `options`, `correct_answer`, `created_at`) VALUES
(1, '1 + 1', NULL, NULL, NULL, '{\"A\":\"2\",\"B\":\"3\"}', 'A', '2025-08-10 13:29:38'),
(3, 'Tabemasj bentuk kamus', NULL, NULL, NULL, '{\"A\":\"Taberu\",\"B\":\"Tabenai\"}', 'A', '2025-08-10 13:30:04'),
(4, 'Bentuk kamus nomimasu', NULL, NULL, NULL, '{\"A\":\"Nomu\",\"B\":\"Nomanai\"}', 'A', '2025-08-10 13:31:03'),
(5, '이것이 뭐 예요', NULL, NULL, NULL, '{\"A\":\"\\uac00\\ubc29\",\"B\":\"\\ucc45\",\"C\":\"\\ud39c\",\"D\":\"\\uc5f0\\ud544\"}', 'D', '2025-08-14 03:23:13'),
(6, 'iyasgoigAUS', 'uploads/images/689d5814d341a1.69309218.jpeg', NULL, NULL, '{\"A\":\"kahsg\",\"B\":\"havs\"}', 'A', '2025-08-14 03:29:24'),
(7, 'バス ( _ ) おりるとき、ちゅういしてください。', NULL, NULL, 4, '{\"A\":\"\\u306b\",\"B\":\"\\u3092\",\"C\":\"\\u304c\",\"D\":\"\\u3067\"}', 'B', '2025-11-08 02:50:14'),
(8, 'A: きのう行ったレストランはどうでしたか\r\nB: そうですね。すごくおいしかったですよ。特にカレーライスは最高        でした。( ____ )値段がちょっと高かったですね。\r\nA: そうですか。私も行ってみたいです。', NULL, NULL, 4, '{\"A\":\"\\u3044\\u307e\\u3044\\u3061\",\"B\":\"\\u305d\\u308c\\u306b\",\"C\":\"\\u3042\\u3068\",\"D\":\"\\u3067\\u3082\"}', 'D', '2025-11-08 02:54:17'),
(9, 'よこ：カルノさん、けさ何を食べましたか。 \r\nカルノ：えーと、何も＿＿＿＿＿。 \r\nよこ：それはよくないですよ。 \r\nカルノ：時間がなくて、しょうがないですね。', NULL, NULL, 4, '{\"A\":\"\\u98df\\u3079\\u307e\\u3057\\u305f\",\"B\":\"\\u98df\\u3079\\u307e\\u305b\\u3093\\u3067\\u3057\\u305f\",\"C\":\"\\u98df\\u3079\\u306a\\u3044\\u3093\\u3067\\u3059\",\"D\":\"\\u98df\\u3079\\u307e\\u305b\\u3093\"}', 'B', '2025-11-08 02:56:03'),
(10, 'A: しゅみは何ですか。\r\nB: えーと、特にないです。でも家でごろごろ ( _ ) のが好きです。 \r\nA: そうですか。私もです。', NULL, NULL, 4, '{\"A\":\"\\u3057\\u305f\",\"B\":\"\\u3059\\u308b\",\"C\":\"\\u3057\\u3066\\u3044\\u308b\",\"D\":\"\\u3057\"}', 'B', '2025-11-08 03:02:04'),
(11, 'A: しゅっしんは？ \r\nB: インドネシアです。 \r\nA: インドネシアの、どちらからですか。 \r\nB: バンドゥンです。 A: どんな町ですか。 \r\nB: 空気が ( _ ) , すずしいです。', NULL, NULL, 4, '{\"A\":\"\\u3044\\u3044\",\"B\":\"\\u3088\\u3044\\u3067\",\"C\":\"\\u3088\\u3044\",\"D\":\"\\u3088\\u304f\\u3066\"}', 'D', '2025-11-08 03:04:33'),
(12, '山口さんは歌もダンスも ( _ ) だし、本当にかっこいい男です', NULL, NULL, 4, '{\"A\":\"\\u3059\\u3054\\u3044\",\"B\":\"\\u3044\\u3044\",\"C\":\"\\u3068\\u304f\\u3044\",\"D\":\"\\u3058\\u3087\\u3046\\u305a\"}', 'D', '2025-11-08 03:06:08'),
(13, 'ゆうべは ( _ ) ですが、今はちょっと さむいですね。', NULL, NULL, 4, '{\"A\":\"\\u3059\\u305a\\u3057\\u3044\",\"B\":\"\\u3042\\u3064\\u304b\\u3063\\u305f\",\"C\":\"\\u3064\\u3081\\u305f\\u3044\",\"D\":\"\\u3055\\u3080\\u304b\\u3063\\u305f\"}', 'B', '2025-11-08 03:07:42'),
(14, 'A: Bさん、肉、食べないんですか。 \r\nB: えーと、私は ( ___ ) なので、食べられないんです。 \r\nA: そうですか。', NULL, NULL, 4, '{\"A\":\"\\u3053\\u308f\\u3044\",\"B\":\"\\u597d\\u304d\\u3058\\u3083\\u306a\\u3044\",\"C\":\"\\u307e\\u305a\\u3044\",\"D\":\"\\u30d9\\u30b8\\u30bf\\u30ea\\u30a2\\u30f3\"}', 'D', '2025-11-08 03:11:54'),
(15, '社員：もしもし。 部長：はい、もしもし。\r\nBさん、どうしたんですか。 \r\n社員：えーと、ゆうべから頭がいたくて、今日休みたいんですが….. \r\n部長：そうですか。たいちょうがわるいから、会社に ( ___ ) もいいですよ。 \r\n社員：ありがとうございます。', NULL, NULL, 4, '{\"A\":\"\\u307f\\u3066\",\"B\":\"\\u306f\\u3044\\u3089\\u306a\\u304f\\u3066\",\"C\":\"\\u3053\\u306a\\u304f\\u3066\",\"D\":\"\\u304d\\u3066\"}', 'B', '2025-11-08 03:14:29'),
(16, 'さとう先生の説明はいつも ( ___ ) やすいので、日本語の勉強はだんだん好きになりました。', NULL, NULL, 4, '{\"A\":\"\\u308f\\u304b\\u308b\",\"B\":\"\\u308f\\u304b\\u308a\",\"C\":\"\\u308f\\u304b\\u3063\\u3066\",\"D\":\"\\u308f\\u304b\\u308c\"}', 'B', '2025-11-08 03:50:39'),
(17, 'A: Bさん、そのスマホ、けっこうずっと昔から使ってますね。すごいね。いつまで使いますか。 \r\nB: そうですよ。( ____ ) まで使います！ A: へ、そうなんですか。', NULL, NULL, 4, '{\"A\":\"\\u3053\\u308f\\u308c\",\"B\":\"\\u3053\\u308f\\u308c\\u305f\",\"C\":\"\\u3053\\u308f\\u308c\\u308b\",\"D\":\"\\u3053\\u308f\\u308c\\u3066\"}', 'C', '2025-11-08 03:54:12'),
(18, 'お客さん：すみません。このくつ、( ____ ) みてもいいですか。 \r\n店員 ：はい、いいです。どうぞ。', NULL, NULL, 4, '{\"A\":\"\\u306f\\u304f\",\"B\":\"\\u306f\\u3044\\u3066\",\"C\":\"\\u306f\\u304d\",\"D\":\"\\u306f\\u3044\\u305f\"}', 'B', '2025-11-08 03:56:33'),
(19, 'A: Cさんはまだ来ませんね。きのう電話で明日ぜったい来ると言いましたけど。 \r\nB: そうですね。時間を ( _ ) かもしれない。 \r\nA: いや、たぶんねぼうしたと思います', NULL, NULL, 4, '{\"A\":\"\\u307e\\u3061\\u304c\\u3048\\u305f\",\"B\":\"\\u308f\\u3059\\u308c\\u306a\\u3044\",\"C\":\"\\u304a\\u307c\\u3048\\u307e\\u305b\\u3093\",\"D\":\"\\u307e\\u3082\\u308b\"}', 'A', '2025-11-08 04:04:58'),
(20, 'A: Bさん、どうしておくれたんですか。 \r\nB: すみません。スマホを ( _ ) しまいましたから、うちへと（取り）にかえりました。 \r\nA: そうですか。今度おくるとき、ちゃんとれんらくしてくださいね。', NULL, NULL, 4, '{\"A\":\"\\u308f\\u3059\\u308c\\u3066\",\"B\":\"\\u308f\\u3059\\u308c\",\"C\":\"\\u308f\\u3059\\u308c\\u308b\",\"D\":\"\\u308f\\u3059\\u308c\\u305f\"}', 'A', '2025-11-08 04:07:18'),
(21, '周りに勉強している人がたくさんいますから、( _ ) にしてください。', NULL, NULL, 4, '{\"A\":\"\\u3084\\u3055\\u3057\\u3044\",\"B\":\"\\u3057\\u305a\\u304b\",\"C\":\"\\u305f\\u306e\\u3057\\u3044\",\"D\":\"\\u304d\\u308c\\u3044\"}', 'B', '2025-11-08 04:14:01'),
(22, 'A: この料理、どうやって食べるんですか。 \r\nB: ソースにつけて食べるんです。 \r\nA: そうですか。 \r\nB: ソースにつけないで、食べる人 ( _ ) いますよ。 A: わかりました。', NULL, NULL, 4, '{\"A\":\"\\u304c\",\"B\":\"\\u3060\\u3051\",\"C\":\"\\u3082\",\"D\":\"\\u306f\"}', 'C', '2025-11-08 04:20:05'),
(23, 'A: こくさいフェスティバル、もうはじまりましたか。 \r\nB: いいえ、まだ ( _ ) よ。 \r\nA: 何時から始まりますか。 \r\nB: 10時半からです。 \r\nA: ありがとうございます。', NULL, NULL, 4, '{\"A\":\"\\u306f\\u3058\\u307e\\u3063\\u305f\\u3093\\u3067\\u3059\",\"B\":\"\\u306f\\u3058\\u307e\\u3063\\u3066\\u3044\\u307e\\u305b\\u3093\",\"C\":\"\\u306f\\u3058\\u307e\\u308b\\u3093\\u3067\\u3059\",\"D\":\"\\u306f\\u3058\\u307e\\u3063\\u3066\\u3044\\u307e\\u3059\"}', 'B', '2025-11-08 04:22:31'),
(24, '来月の12日、土曜日、東京ドームで JKT 48 のコンサートが ( _ ) そうです', NULL, NULL, 4, '{\"A\":\"\\u304b\\u3044\\u3055\\u3044\\u3055\\u308c\\u308b\",\"B\":\"\\u306f\\u3058\\u3081\\u308b\",\"C\":\"\\u304a\\u3053\\u306a\\u3046\",\"D\":\"\\u3066\\u3093\\u3058\\u3055\\u308c\"}', 'A', '2025-11-08 04:25:42'),
(25, '駅のまえに、地元のかんこうちのチラシがたくさ​んおいて ( _ ) 。', NULL, NULL, 4, '{\"A\":\"\\u3044\\u307e\\u3059\",\"B\":\"\\u3042\\u308a\\u307e\\u3059\",\"C\":\"\\u304a\\u304d\\u307e\\u3059\",\"D\":\"\\u307f\\u307e\\u3059\"}', 'B', '2025-11-08 04:30:00'),
(26, 'A: 市のバスはすごく安くて、便利ですよ。 \r\nB: そうですか。ここからおおみや公園までいくらですか。 \r\nA: そうですね。どこで ( _ ) 200円ですよ。 \r\nB: 本当ですか。安いね。乗ってみたいです。', NULL, NULL, 4, '{\"A\":\"\\u304a\\u308a\\u305f\\u3089\",\"B\":\"\\u304a\\u308a\\u308b\\u3068\",\"C\":\"\\u304a\\u308a\\u306a\\u3051\\u308c\\u3070\",\"D\":\"\\u304a\\u308a\\u3066\\u3082\"}', 'D', '2025-11-08 04:35:26'),
(27, 'A: Bさん、どうしたんですか。 \r\nB: ゆうべからかぜ ( _ ) んです。 \r\nA: 大変ですね。薬、飲みましたか。 \r\nB: はい。でもまだなおりません。', NULL, NULL, 4, '{\"A\":\"\\u3059\\u308b\",\"B\":\"\\u3060\",\"C\":\"\\u306a\",\"D\":\"\\u3042\\u308b\"}', 'C', '2025-11-08 04:38:00'),
(28, 'A: すみません。 B: はい。 \r\nA: せきを ( _ ) 薬、ありますか。 \r\nB: はい、あります。こちらです。 \r\nA: じゃ、これをください。', NULL, NULL, 4, '{\"A\":\"\\u304a\\u3055\\u3048\\u305f\",\"B\":\"\\u304a\\u3055\\u3048\\u308b\",\"C\":\"\\u304a\\u3055\\u3048\",\"D\":\"\\u304a\\u3055\\u3048\\u3066\"}', 'B', '2025-11-08 04:39:23'),
(29, '夜、ご飯を食べた ( _ ) すぐ寝ないでください。体に良くないですから。', NULL, NULL, 4, '{\"A\":\"\\u3042\\u3068\",\"B\":\"\\u304b\\u3089\",\"C\":\"\\u3070\\u304b\\u308a\",\"D\":\"\\u306e\\u306f\"}', 'A', '2025-11-08 04:40:35'),
(30, 'A: 日本人はどんなとき「ただいま」といいますか。 \r\nB: うちに ( _ ) とき、いいますよ。 A: あ、そうですか。', NULL, NULL, 4, '{\"A\":\"\\u304b\\u3048\\u308b\",\"B\":\"\\u304b\\u3048\\u3063\\u305f\",\"C\":\"\\u304b\\u3048\\u3089\\u306a\\u3044\",\"D\":\"\\u304b\\u3048\\u3063\\u3066\\u3044\\u308b\"}', 'B', '2025-11-08 04:42:49'),
(31, 'A: Bさん、インフルエンザのときは、( _ ) か。 \r\nB: そうですね。私は薬を飲んで、できるだけ人に会わないようにしています。ずっとうちにいます。 \r\nA: そうですか。わかりました。', NULL, NULL, 4, '{\"A\":\"\\u3069\\u3046\\u3067\\u3059\\u304b\",\"B\":\"\\u3069\\u3046\\u3057\\u3066\\u3044\\u307e\\u3059\\u304b\",\"C\":\"\\u4f55\\u306b\\u3057\\u307e\\u3059\\u304b\",\"D\":\"\\u3069\\u3046\\u3084\\u3063\\u3066\\u3059\\u308b\\u3093\"}', 'C', '2025-11-08 04:44:39'),
(32, '3人はどこで待ち合わせをしますか。', 'uploads/images/6913fc5ce8a438.56369364.png', NULL, 4, '{\"A\":\"\\u8c61\\u306e\\u524d\\u3067\\u3059\",\"B\":\"\\u99c5\\u306e\\u6539\\u672d\\u3067\\u3059\",\"C\":\"\\u99c5\\u306e\\u524d\"}', 'B', '2025-11-12 03:17:48'),
(33, '牛乳のアレルギーがある人はこの商品(しょうひん)が食べられますか。', 'uploads/images/6913fe82a94243.81193579.png', NULL, 4, '{\"A\":\"\\u306f\\u3044\\u3001\\u98df\\u3079\\u3089\\u308c\\u307e\\u3059\\u3002\",\"B\":\"\\u3044\\u3044\\u3048\\u3001\\u98df\\u3079\\u3089\\u308c\\u307e\\u305b\\u3093\\u3002\",\"C\":\"\\u306f\\u3044\\u3001\\u98df\\u3079\\u3066\\u3082\\u3044\\u3044\\u3067\\u3059\\u3002\"}', 'B', '2025-11-12 03:26:58'),
(34, '小麦のアレルギーがある人はこの商品(しょうひん)が食べられますか。', 'uploads/images/691421c5304289.85848135.png', NULL, 4, '{\"A\":\"\\u306f\\u3044\\u3001\\u98df\\u3079\\u3089\\u308c\\u307e\\u3059\\u3002\",\"B\":\"\\u3044\\u3044\\u3048\\u3001\\u98df\\u3079\\u3089\\u308c\\u307e\\u305b\\u3093\\u3002\",\"C\":\"\\u306f\\u3044\\u3001\\u98df\\u3079\\u3066\\u3082\\u3044\\u3044\\u3067\\u3059\\u3002\"}', 'A', '2025-11-12 05:57:25'),
(35, '打ち合わせはいつになりますか。', 'uploads/images/691422a40f10b8.90993044.png', NULL, 4, '{\"A\":\"10\\u67089\\u65e5 (\\u6728)\",\"B\":\"10\\u670816\\u65e5 (\\u6728)\",\"C\":\"10\\u670816\\u65e5 (\\u91d1)\"}', 'B', '2025-11-12 06:01:08'),
(36, 'モニカさんはどうして休みを取りますか。', 'uploads/images/69180d1c796648.10899870.png', NULL, 4, '{\"A\":\"\\u53cb\\u3060\\u3061\\u306b\\u3046\\u3061\\u306b\\u884c\\u304d\\u307e\\u3059\\u304b\\u3089\",\"B\":\"\\u53cb\\u3060\\u3061\\u3068\\u65c5\\u884c\\u3057\\u307e\\u3059\\u304b\\u3089\\u3002\",\"C\":\"\\u53cb\\u3060\\u3061\\u3092\\u6848\\u5185\\u3057\\u307e\\u3059\\u304b\\u3089\\u3002\"}', 'C', '2025-11-12 06:06:06'),
(37, '朝、飲む薬は何の薬ですか', 'uploads/images/6915b4cc0a7929.20444498.png', NULL, 4, '{\"A\":\"\\u30b3\\u30fc\\u30bb\\u30f3\\u3068\\u30a4\\u30c8\\u30c8\\u30ce\\u30a8\",\"B\":\"\\u30bb\\u30ad\\u30ca\\u30af\\u30ca\\u30fc\\u30eb\\u3068\\u30a4\\u30c8\\u30c8\\u30ce\\u30a8\",\"C\":\"\\u30d2\\u30ed\\u30b2\\u30c3\\u30af\\u3068\\u30bb\\u30ad\\u30ca\\u30af\\u30ca\\u30fc\\u30eb\"}', 'B', '2025-11-13 10:37:00'),
(38, 'インフルエンザの症状の一つは何ですか', 'uploads/images/6915b5c905d613.15444589.png', NULL, 4, '{\"A\":\"38\\u5ea6\\u4ee5\\u4e0a\\u71b1\\u304c\\u3042\\u308b\\u3002\",\"B\":\"\\u306e\\u3069\\u304c\\u304b\\u308f\\u304d\\u307e\\u3059\",\"C\":\"\\u76ee\\u304c\\u75db\\u3044\\u3002\"}', 'A', '2025-11-13 10:41:13'),
(39, 'これは、何のメールですか。', 'uploads/images/6915b638e19864.06063864.png', NULL, 4, '{\"A\":\"\\u3042\\u3084\\u307e\\u308b\\u30e1\\u30fc\\u30eb\",\"B\":\"\\u304a\\u793c(\\u308c\\u3044)\\u306e\\u30e1\\u30fc\\u30eb\",\"C\":\"\\u7d4c\\u9a13(\\u3051\\u3044\\u3051\\u3093)\\u306e\\u30e1\\u30fc\\u30eb\"}', 'B', '2025-11-13 10:43:04'),
(40, '何についての書き込みですか。', 'uploads/images/6915b6cb861e15.19513744.png', NULL, 4, '{\"A\":\"\\u5e97\\u3067\\u3059\",\"B\":\"\\u30ab\\u30e9\\u30aa\\u30b1\\u3067\\u3059\\u3002\",\"C\":\"\\u8a95\\u751f\\u65e5\\u3067\\u3059\\u3002\"}', 'C', '2025-11-13 10:45:31'),
(41, 'ムギーさんはアウリアさんに何をあげましたか。', 'uploads/images/6915b70527a187.32413731.png', NULL, 4, '{\"A\":\"\\u30b9\\u30de\\u30db\\u30b1\\u30fc\\u30b9\",\"B\":\"\\u30b1\\u30fc\\u30ad\",\"C\":\"\\u30ad\\u30fc\\u30db\\u30eb\\u30c0\\u30fc\"}', 'C', '2025-11-13 10:46:29'),
(42, '昨日、レストランで好きな歌手</u> と会って、とてもうれしかった。', NULL, NULL, 6, '{\"A\":\"\\u304b\\u3057\\u3085\",\"B\":\"\\u306b\\u304c\\u3066\",\"C\":\"\\u3058\\u3087\\u3046\\u305a\"}', 'A', '2025-11-13 11:39:30'),
(43, '去年、友だちと日本へ遊びに行きました。', NULL, NULL, 6, '{\"A\":\"\\u304d\\u3087\\u3046\\u306d\\u3093\",\"B\":\"\\u304d\\u3087\\u306d\\u3093\",\"C\":\"\\u304d\\u3085\\u306d\\u3093\"}', 'B', '2025-11-13 11:41:54'),
(44, 'この会社では手続きのことは山田さんが担当しています。', NULL, NULL, 6, '{\"A\":\"\\u304b\\u3093\\u3053\\u3046\",\"B\":\"\\u305f\\u3093\\u3068\\u3046\",\"C\":\"\\u3061\\u3053\\u304f\"}', 'B', '2025-11-13 11:43:14'),
(45, '日本での仕事が終わったら、国へ帰ると決めました</u>。', NULL, NULL, 6, '{\"A\":\"\\u3068\\u3081\\u307e\\u3057\\u305f\",\"B\":\"\\u3057\\u3081\\u307e\\u3057\\u305f\",\"C\":\"\\u304d\\u3081\\u307e\\u3057\\u305f\"}', 'C', '2025-11-13 11:44:31'),
(46, '買い物してから、ちょっとパン屋で寄って、父が好きなパンを買いました', NULL, NULL, 6, '{\"A\":\"\\u305f\\u3063\\u3066\",\"B\":\"\\u3064\\u3044\\u3066\",\"C\":\"\\u3088\\u3063\\u3066\"}', 'C', '2025-11-13 11:45:59'),
(47, 'この近くに有名な滝があるそうですが、一緒に行きませんか。', NULL, NULL, 6, '{\"A\":\"\\u308a\\u3087\\u3046\",\"B\":\"\\u305f\\u304d\",\"C\":\"\\u3082\\u308a\"}', 'B', '2025-11-13 11:47:37'),
(48, '昨日、B会社にレポートを送るのを忘れてしまって、部長に <u>怒られました</u>。', NULL, NULL, 6, '{\"A\":\"\\u304a\\u3053\\u3089\\u308c\\u307e\\u3057\\u305f\",\"B\":\"\\u3068\\u3089\\u308c\\u307e\\u3057\\u305f\",\"C\":\"\\u304d\\u3089\\u308c\\u307e\\u3057\\u305f\"}', 'A', '2025-11-13 11:49:00'),
(49, '先週、富士山にのぼりました。疲れましたが、 <u>頂上</u> までのぼれて、とてもうれしかったです', NULL, NULL, 6, '{\"A\":\"\\u3061\\u3087\\u3058\\u3087\",\"B\":\"\\u3061\\u3087\\u3046\\u3058\\u3087\",\"C\":\"\\u3061\\u3087\\u3046\\u3058\\u3087\\u3046\"}', 'C', '2025-11-13 11:50:12'),
(50, '日本にいたとき、少し生け花を <u>体験</u> しました。ちょっと難しかった、けど楽しかったです。', NULL, NULL, 6, '{\"A\":\"\\u3051\\u3044\\u3051\\u3093\",\"B\":\"\\u305f\\u3044\\u3051\\u3093\",\"C\":\"\\u305f\\u3044\\u3061\\u3087\\u3046\"}', 'B', '2025-11-13 11:51:36'),
(51, 'おおあめ でサッカーの試合が <u>延期</u> されて、ざんねんです', NULL, NULL, 6, '{\"A\":\"\\u3048\\u3093\\u304d\",\"B\":\"\\u3057\\u3081\\u3044\",\"C\":\"\\u304d\\u3093\\u3057\"}', 'A', '2025-11-13 11:52:44'),
(52, 'ここのかいがんは <u>夕方</u> になったら、すごくきれいですよ。', NULL, NULL, 6, '{\"A\":\"\\u304b\\u305f\\u304c\\u305f\",\"B\":\"\\u3086\\u3046\\u304c\\u305f\",\"C\":\"\\u3061\\u307b\\u3046\"}', 'B', '2025-11-13 11:53:56'),
(53, 'このりょうり、とてもしょっぱいです。 <u>塩</u> を使いすぎるとおもいます。', NULL, NULL, 6, '{\"A\":\"\\u3042\\u3076\\u3089\",\"B\":\"\\u3055\\u3068\\u3046\",\"C\":\"\\u3057\\u304a\"}', 'C', '2025-11-13 11:54:53'),
(54, 'インドネシア語はもじは日本語とぜんぜん <u>違います</u> から、とてもむずかしいです。', NULL, NULL, 6, '{\"A\":\"\\u3061\\u304c\\u3044\\u307e\\u3059\",\"B\":\"\\u3042\\u3089\\u3044\\u307e\\u3059\",\"C\":\"\\u3080\\u304b\\u3044\\u307e\\u3059\"}', 'A', '2025-11-13 11:55:48'),
(55, 'アクバルさんは 会社でもんだいがおきて、らいげつ <u>引退</u> するそうです。', NULL, NULL, 6, '{\"A\":\"\\u3044\\u3093\\u305f\\u3044\",\"B\":\"\\u3088\\u3046\\u3044\",\"C\":\"\\u304b\\u3044\\u3055\\u3044\"}', 'A', '2025-11-13 11:56:53'),
(56, 'このフェスティバルでは 文化体験 だけじゃなくて、いろいろな <u>活動</u> にもさんかすることができます。', NULL, NULL, 6, '{\"A\":\"\\u3046\\u3093\\u3066\\u3093\",\"B\":\"\\u304b\\u3064\\u3069\\u3046\",\"C\":\"\\u305b\\u3044\\u3055\\u3093\"}', 'B', '2025-11-13 11:59:35'),
(57, 'このへやは ＿＿＿＿＿＿ ですから、たばこは外でおねがいします。', NULL, NULL, 6, '{\"A\":\"\\u6a5f\\u80fd\",\"B\":\"\\u4e2d\\u6b62\",\"C\":\"\\u7981\\u7159\"}', 'C', '2025-11-13 12:01:07'),
(58, '<p>この村はお米をつくる ______ が多くて、うれしいです</p>', NULL, NULL, 6, '{\"A\":\"\\u8fb2\\u5bb6\",\"B\":\"\\u4eba\\u751f\",\"C\":\"\\u91ce\\u83dc\"}', 'A', '2025-11-13 12:02:31'),
(59, 'このルームは ______ がつかうルームなので、男の人は入ってはいけません', NULL, NULL, 6, '{\"A\":\"\\u5730\\u5143\",\"B\":\"\\u5168\\u54e1\",\"C\":\"\\u5973\\u6027\"}', 'C', '2025-11-13 12:03:33'),
(60, '自転車のタイヤがパンクして、 ______ を入れたいんですが、どこで入れたらいいですか', NULL, NULL, 6, '{\"A\":\"\\u7a7a\\u6c17\",\"B\":\"\\u6545\\u969c\",\"C\":\"\\u6570\\u5b57\"}', 'A', '2025-11-13 12:05:14'),
(61, 'アントニさん、ルディさんによろしくを ______ くださいね。ひさしぶりですから。', NULL, NULL, 6, '{\"A\":\"\\u697d\\u3057\\u3093\\u3067\",\"B\":\"\\u4f1d\\u3048\\u3066\",\"C\":\"\\u9032\\u3093\\u3067\"}', 'B', '2025-11-13 12:06:44'),
(62, 'このカラオケ大会にかつと、______ をもらい ますよ。ぜひさんかしてください。', NULL, NULL, 6, '{\"A\":\"\\u4f1a\\u8a08\",\"B\":\"\\u6ce8\\u6587\",\"C\":\"\\u8cde\\u54c1\"}', 'C', '2025-11-13 12:07:58'),
(63, '店でならぶときは必ず ______ にならんでいます', NULL, NULL, 6, '{\"A\":\"\\u9806\\u756a\",\"B\":\"\\u756a\\u53f7\",\"C\":\"\\u5834\\u5408\"}', 'A', '2025-11-13 12:09:04'),
(64, 'ごみは ちゃんしゅるいによってと分けてから ______ ください。', NULL, NULL, 6, '{\"A\":\"\\u62fe\\u3063\\u3066\",\"B\":\"\\u6368\\u3066\\u3066\",\"C\":\"\\u8fd4\\u3057\\u3066\"}', 'C', '2025-11-13 12:10:12'),
(65, '<p>買い物するとき、できれば自分の ______ を もって行ったほうがいいですね</p>', NULL, NULL, 6, '{\"A\":\"\\u888b\",\"B\":\"\\u673a\",\"C\":\"\\u5f0f\"}', 'C', '2025-11-13 12:11:12'),
(67, 'A \r\n絵(え) の中のコトバは何ですか', 'uploads/images/69168117e13328.62294181.png', NULL, NULL, '{\"A\":\"\\u30c1\\u30fc\\u30ba\",\"B\":\"\\u30b5\\u30e9\\u30c0\",\"C\":\"\\u30d5\\u30e9\\u30a4\\u30c9\\u30dd\\u30c6\\u30c8\"}', 'C', '2025-11-14 01:08:39'),
(68, 'B\r\n絵 (え) の中のコトバは何ですか', 'uploads/images/69168211416f51.92140216.png', NULL, NULL, '{\"A\":\"\\u3075\\u3068\\u3093\",\"B\":\"\\u305b\\u3093\\u3077\\u3046\\u304d\",\"C\":\"\\u304d\\u3063\\u3066\"}', 'A', '2025-11-14 01:12:49'),
(70, 'C\r\n絵（え） の中のコトバは何ですか', 'uploads/images/691682e60a1c28.31917260.png', NULL, NULL, '{\"A\":\"\\u3067\\u3093\\u3052\\u3093\\u3092\\u304d\\u308b\",\"B\":\"\\u30dc\\u30bf\\u30f3\\u3092\\u3044\\u308c\\u308b\",\"C\":\"\\u304b\\u307f\\u3092\\u304a\\u308b\"}', 'A', '2025-11-14 01:16:22'),
(71, 'D\r\n絵（え） の中のコトバは何ですか', 'uploads/images/69168318bf7b60.97991634.png', NULL, NULL, '{\"A\":\"\\u304a\\u307f\\u307e\\u3044\\u3092\\u3059\\u308b\",\"B\":\"\\u3042\\u3057\\u3092\\u304f\\u3058\\u304f\",\"C\":\"\\u307b\\u306d\\u3092\\u304a\\u308b\"}', 'C', '2025-11-14 01:17:12'),
(72, 'E\r\n絵（え） の中のコトバは何ですか', 'uploads/images/6916836ac9c3b8.28145964.png', NULL, NULL, '{\"A\":\"\\u306a\\u3052\\u308b\",\"B\":\"\\u305d\\u3046\\u3058\\u3092\\u3059\\u308b\",\"C\":\"\\u304b\\u305f\\u3065\\u3051\\u308b\"}', 'B', '2025-11-14 01:18:34'),
(73, 'F\r\n絵（え） の中のコトバは何ですか', 'uploads/images/691683d746aff4.57568657.png', NULL, NULL, '{\"A\":\"\\u3059\\u304f\\u306a\\u3044\",\"B\":\"\\u305b\\u307e\\u3044\",\"C\":\"\\u3072\\u304f\\u3044\"}', 'B', '2025-11-14 01:20:23'),
(74, 'G\r\n絵（え） の中のコトバは何ですか', 'uploads/images/6916842b9d1a38.32103786.png', NULL, NULL, '{\"A\":\"\\u306f\\u306a\\u3070\\u305f\\u3051\\u304c\\u304d\\u308c\\u3044\",\"B\":\"\\u3057\\u305c\\u3093\\u304c\\u3086\\u305f\\u304b\",\"C\":\"\\u306f\\u3061\\u3046\\u3048\\u304c\\u3046\\u3064\\u304f\\u3057\\u3044\"}', 'B', '2025-11-14 01:21:47'),
(75, 'H\r\n絵（え） の中のコトバは何ですか', 'uploads/images/6916848932dd38.03689004.png', NULL, NULL, '{\"A\":\"\\u3064\\u307e\\u308b\",\"B\":\"\\u306a\\u304c\\u3059\",\"C\":\"\\u304a\\u3059\"}', 'A', '2025-11-14 01:23:21'),
(76, 'I\r\n絵（え） の中のコトバは何ですか', 'uploads/images/691684e9913850.53612330.png', NULL, NULL, '{\"A\":\"\\u3072\\u308d\\u3046\",\"B\":\"\\u3088\\u3046\\u3044\\u3059\\u308b\",\"C\":\"\\u306c\\u3059\\u3080\"}', 'C', '2025-11-14 01:24:57'),
(77, 'J\r\n絵（え） の中のコトバは何ですか', 'uploads/images/6916856545ac78.98384673.png', NULL, NULL, '{\"A\":\"\\u30b3\\u30b9\\u30e2\\u30b9\",\"B\":\"\\u30af\\u30e9\\u30b2\",\"C\":\"\\u30d1\\u30c3\\u30af\"}', 'B', '2025-11-14 01:27:01'),
(78, 'K\r\n絵（え） の中のコトバは何ですか', 'uploads/images/691690ff63dbc1.60667972.png', NULL, NULL, '{\"A\":\"\\u3042\\u305f\\u305f\\u3081\\u308b\",\"B\":\"\\u305d\\u305d\\u3050\",\"C\":\"\\u305f\\u304f\"}', 'A', '2025-11-14 02:16:31'),
(79, 'L\r\n絵（え） の中のコトバは何ですか', 'uploads/images/6916916d8b1a89.12468014.png', NULL, NULL, '{\"A\":\"\\u3057\\u3070\\u308b\",\"B\":\"\\u304b\\u305f\\u3081\\u308b\",\"C\":\"\\u3064\\u3076\\u3059\"}', 'C', '2025-11-14 02:18:21'),
(80, 'M\r\n絵（え） の中のコトバは何ですか', 'uploads/images/691691e6434244.94557218.png', NULL, NULL, '{\"A\":\"\\u304a\\u3061\\u308b\",\"B\":\"\\u304b\\u3076\\u305b\\u308b\",\"C\":\"\\u3064\\u3064\\u3080\"}', 'C', '2025-11-14 02:20:22'),
(82, 'N\r\n絵（え） の中のコトバは何ですか', 'uploads/images/6916923e43d120.98961670.png', NULL, NULL, '{\"A\":\"\\u30c1\\u30e9\\u30b7\\u3092\\u304a\\u304f\",\"B\":\"\\u30b7\\u30fc\\u30eb\\u3092\\u306f\\u308b\",\"C\":\"\\u304b\\u3093\\u3070\\u3093\\u3092\\u3064\\u304f\\u308b\"}', 'B', '2025-11-14 02:21:50'),
(83, 'O\r\n絵（え） の中のコトバは何ですか', 'uploads/images/691692a5a93504.95887066.png', NULL, NULL, '{\"A\":\"\\u3067\\u3093\\u3074\\u3087\\u3046\",\"B\":\"\\u3081\\u3093\\u304d\\u3087\\u3057\\u3087\\u3046\",\"C\":\"\\u306f\\u304c\\u304d\"}', 'A', '2025-11-14 02:23:33'),
(84, 'P\r\nつぎ の れんきゅう は ( ________ ) に 行きたい です。', NULL, NULL, NULL, '{\"A\":\"\\u30d6\\u30fc\\u30b9\",\"B\":\"\\u30c7\\u30a3\\u30ba\\u30cb\\u30fc\\u30e9\\u30f3\\u30c9\",\"C\":\"\\u305f\\u3093\\u307c\"}', 'B', '2025-11-14 02:24:59'),
(85, 'Q\r\n朝から今まで雪がまだ降っています。でも、天気よほうによると、この雪は夜中に(________)でしょう。', NULL, NULL, NULL, '{\"A\":\"\\u304b\\u3051\\u308b\",\"B\":\"\\u3064\\u3065\\u3051\\u308b\",\"C\":\"\\u3084\\u3080\"}', 'C', '2025-11-14 02:28:04'),
(86, 'R\r\n春は くうきが (________) なりますから、きれいな 桜がさきます。', NULL, NULL, NULL, '{\"A\":\"\\u3055\\u3080\\u304f\",\"B\":\"\\u3059\\u305a\\u3057\\u304f\",\"C\":\"\\u3042\\u305f\\u305f\\u304b\\u304f\"}', 'C', '2025-11-14 04:06:38'),
(87, 'S\r\n父は せが 高くて、 ひげを (________) 人です。', NULL, NULL, NULL, '{\"A\":\"\\u306f\\u3084\\u3057\\u3066\\u3044\\u308b\",\"B\":\"\\u304b\\u3076\\u3063\\u3066\\u3044\\u308b\",\"C\":\"\\u304b\\u3051\\u3066\\u3044\\u308b\"}', 'A', '2025-11-14 04:07:37'),
(88, 'T\r\nこのレストランでは コーヒーのサービスは (________) のみなので、土曜日と日曜日はありません。', NULL, NULL, NULL, '{\"A\":\"\\u3078\\u3044\\u3058\\u3064\",\"B\":\"\\u3084\\u3059\\u307f\",\"C\":\"\\u3072\\u304c\\u308f\\u308a\"}', 'A', '2025-11-14 04:09:14'),
(90, 'U\r\nミケルさんの誕生日のパーティーに デザートと飲み物は、私が (________) 行きます。', NULL, NULL, NULL, '{\"A\":\"\\u3068\\u3063\\u3066\",\"B\":\"\\u304d\\u3063\\u3066\",\"C\":\"\\u304b\\u3063\\u3066\"}', 'C', '2025-11-14 04:11:21'),
(91, 'V\r\nあそこにできたレストランでは (________) の日本料理が食べられるそうですから、週末いっしょに食べに行きませんか。', NULL, NULL, NULL, '{\"A\":\"\\u3056\\u3044\\u308a\\u3087\\u3046\",\"B\":\"\\u307b\\u3093\\u3082\\u306e\",\"C\":\"\\u3042\\u3058\"}', 'B', '2025-11-14 04:12:21'),
(92, 'W\r\nはくぶつかんは 駅の前の道を (________)、まっすぐ行って、右にまがってところにあります。', NULL, NULL, NULL, '{\"A\":\"\\u306f\\u3057\\u3063\\u3066\",\"B\":\"\\u308f\\u305f\\u3063\\u3066\",\"C\":\"\\u3064\\u304b\\u3063\\u3066\"}', 'B', '2025-11-14 04:13:13'),
(93, 'X\r\n海であそぶときは (________) を持って行ったほうがいいです。', NULL, NULL, NULL, '{\"A\":\"\\u30b9\\u30ad\\u30fc\\u3044\\u305f\",\"B\":\"\\u30cf\\u30f3\\u30ab\\u30c1\",\"C\":\"\\u30b5\\u30f3\\u30b0\\u30e9\\u30b9\"}', 'C', '2025-11-14 04:14:22'),
(94, 'Y\r\nじんしんじこのえいきょうで、電車はうんてん (________) になってしまったので、会社に遅れました。', NULL, NULL, NULL, '{\"A\":\"\\u307f\\u3042\\u308f\\u305b\",\"B\":\"\\u3081\\u3093\\u304d\\u3087\",\"C\":\"\\u304d\\u3093\\u3057\"}', 'A', '2025-11-14 04:14:57'),
(95, 'A\r\n絵（え） の中の正しい言葉 は なんですか', 'uploads/images/6916b26c784a50.56880901.png', NULL, 8, '{\"A\":\"\\u3053\\u3046\\u3055\\u3066\\u3093\",\"B\":\"\\u3057\\u3093\\u3054\\u3046\",\"C\":\"\\u304b\\u3069\"}', 'B', '2025-11-14 04:39:08'),
(96, 'B\r\n絵（え） の中の正しい言葉 は なんですか', 'uploads/images/6916b29a2a8fc9.31986085.png', NULL, 8, '{\"A\":\"\\u30ca\\u30c3\\u30c4\",\"B\":\"\\u30bd\\u30fc\\u30b9\",\"C\":\"\\u30d5\\u30e9\\u30a4\"}', 'A', '2025-11-14 04:39:54'),
(97, 'C\r\n絵（え） の中の正しい言葉 は なんですか', 'uploads/images/6916b2f4d8b185.17359268.png', NULL, 8, '{\"A\":\"\\u3080\\u304f\",\"B\":\"\\u3064\\u3051\\u308b\",\"C\":\"\\u306e\\u305b\\u308b\"}', 'A', '2025-11-14 04:41:24'),
(98, 'D\r\n絵（え） の中の正しい言葉 は なんですか', 'uploads/images/6916b360002944.13643772.png', NULL, 8, '{\"A\":\"\\u3075\\u304f\\u308d\",\"B\":\"\\u30b3\\u30c3\\u30d7\",\"C\":\"\\u308f\\u308a\\u3070\\u3057\"}', 'C', '2025-11-14 04:43:12'),
(99, 'E\r\n絵（え） の中の正しい言葉 は なんですか', 'uploads/images/6916b3b813b156.26534377.png', NULL, 8, '{\"A\":\"\\u56f3\\u66f8\\u9928\",\"B\":\"\\u7f8e\\u8853\\u9928\",\"C\":\"\\u535a\\u7269\\u9928\"}', 'A', '2025-11-14 04:44:40'),
(100, 'F\r\nあのう、すみません。______に参加(さんか)したいんですが', NULL, NULL, 8, '{\"A\":\"\\u6599\\u7406\\u6559\\u5ba4 (\\u308a\\u3087\\u3046\\u308a\\u304d\\u3087\\u3046\\u3057\\u3064)\",\"B\":\"\\u65e5\\u672c\\u8a9e\",\"C\":\"\\u5e02\\u5f79\\u6240 (\\u3057\\u3084\\u304f\\u3057\\u3087)\"}', 'A', '2025-11-14 04:46:02'),
(101, '<p>G A: 本は_______まで借りられますか。 B: 一人10冊までです。</p>', 'uploads/images/file_692871232ef720.55762630.jpeg', 'uploads/audio/file_692871232f54d5.73621112.m4a', 8, '{\"A\":\"\\u306a\\u3093\\u3060\\u3044\",\"B\":\"\\u306a\\u3093\\u3055\\u3064\",\"C\":\"\\u306a\\u3093\\u307e\\u3044\"}', 'B', '2025-11-14 04:47:44'),
(102, 'H\r\nA： ________は何がいいですか。 \r\nB： ソフトバンクおねがいします。', NULL, NULL, 8, '{\"A\":\"\\u306e\\u307f\\u3082\\u306e\",\"B\":\"\\u304a\\u304b\\u3057\",\"C\":\"\\u30b1\\u30fc\\u30ad\"}', 'A', '2025-11-14 04:48:58'),
(103, 'I\r\nA: スマホですか。 _______を教えてください。 \r\nB: 色は黒で、犬の絵のあかいカバーがついています。', NULL, NULL, 8, '{\"A\":\"\\u304d\\u3057\\u3085\",\"B\":\"\\u3068\\u304f\\u3061\\u3087\\u3046\",\"C\":\"\\u30d6\\u30e9\\u30f3\\u30c9\"}', 'B', '2025-11-14 04:50:04'),
(104, 'J\r\nこちらは、せきを_______薬です。1日3回食後に飲んでください。', NULL, NULL, 8, '{\"A\":\"\\u3082\\u3064\",\"B\":\"\\u304a\\u3055\\u3048\\u308b\",\"C\":\"\\u3055\\u3052\\u308b\"}', 'B', '2025-11-14 04:50:49'),
(106, 'K\r\nこちらに名前と<u>住所</u>を書いてください。', NULL, NULL, 8, '{\"A\":\"\\u3058\\u3085\\u3046\\u3057\\u3087\",\"B\":\"\\u3058\\u3085\\u3046\\u3057\\u3087\\u3046\",\"C\":\"\\u3058\\u3085\\u3057\\u3087\"}', 'A', '2025-11-14 09:04:38'),
(107, 'L\r\n参加(さんか)の<u>条件</u>は、何かありますか。', NULL, NULL, 8, '{\"A\":\"\\u3058\\u3085\\u3046\\u3051\\u3093\",\"B\":\"\\u3058\\u3087\\u3051\\u3093\",\"C\":\"\\u3058\\u3087\\u3046\\u3051\\u3093\"}', 'C', '2025-11-14 09:07:51'),
(108, 'M\r\n仕事の<u>募集</u>の情報は、こちらを見てください', NULL, NULL, 8, '{\"A\":\"\\u307c\\u3046\\u3057\\u3085\",\"B\":\"\\u307c\\u3046\\u3057\\u3085\\u3046\",\"C\":\"\\u307c\\u3057\\u3085\\u3046\"}', 'C', '2025-11-14 09:12:36'),
(109, 'N\r\n_______が起こったときは、あわてないことが大切です。', NULL, NULL, 8, '{\"A\":\"\\u7d50\\u5a5a\",\"B\":\"\\u96fb\\u8eca\",\"C\":\"\\u5730\\u9707\"}', 'C', '2025-11-14 09:14:07'),
(110, 'O\r\n東京では______ところが多いですよね。', NULL, NULL, 8, '{\"A\":\"\\u904a\\u3076\",\"B\":\"\\u4f7f\\u3046\",\"C\":\"\\u5e30\\u308b\"}', 'A', '2025-11-14 09:15:57'),
(111, 'P\r\n郵便局(ゆうびんきょく)は________行ったらいいですか。', NULL, NULL, 8, '{\"A\":\"\\u3069\\u3046\",\"B\":\"\\u3069\\u3093\\u306a\",\"C\":\"\\u3069\\u3046\\u3057\\u3066\",\"D\":\"\\u4f55\\u3067\"}', 'A', '2025-11-17 12:03:12'),
(112, 'Q\r\nすみません。飲み物を_______来てもいいですか。', NULL, NULL, 8, '{\"A\":\"\\u8cb7\\u3046\",\"B\":\"\\u8cb7\\u3063\\u3066\",\"C\":\"\\u8cb7\\u3063\\u305f\",\"D\":\"\\u8cb7\\u308f\\u306a\\u3044\"}', 'B', '2025-11-17 12:04:30'),
(113, 'R\r\nA: おいしいものは何か食べましたか。 \r\nB: そばを食べました。 ______ すしも食べてみたいです。', NULL, NULL, 8, '{\"A\":\"\\u3067\\u3082\",\"B\":\"\\u305d\\u308c\\u3067\",\"C\":\"\\u3068\\u304d\\u3069\\u304d\",\"D\":\"\\u3042\\u3068\"}', 'D', '2025-11-17 12:06:02'),
(114, 'S\r\nこれはちゃわんむしです。卵の料理です。 プリン______似ています。', NULL, NULL, 8, '{\"A\":\"\\u3082\",\"B\":\"\\u304c\",\"C\":\"\\u306b\",\"D\":\"\\u3067\"}', 'C', '2025-11-17 12:06:50'),
(115, 'T\r\nA: どうしたんですか。 \r\nB: 最近よく眠れなくて、体がだるいんです。 A: そうですか。それはいけませんね。よく眠れないときはぬるいお風呂に_________いいですよ。入らなければ', NULL, NULL, 8, '{\"A\":\"\\u5165\\u3089\\u306a\\u3051\\u308c\\u3070\",\"B\":\"\\u5165\\u3063\\u3066\\u306f\",\"C\":\"\\u5165\\u308b\\u3068\",\"D\":\"\\u5165\\u308d\\u3046\\u3068\"}', 'C', '2025-11-17 12:08:34'),
(116, 'U\r\nA: 両面(りょうめん)コピーしたいときは、どうすればいいですか。 \r\nB: このボタンを______と、できますよ。 A: わかりました。ありがとうございます。', NULL, NULL, 8, '{\"A\":\"\\u304a\\u3059\",\"B\":\"\\u304a\\u3057\\u307e\\u3059\",\"C\":\"\\u304a\\u3057\\u3066\",\"D\":\"\\u304a\\u3055\\u306a\\u3044\"}', 'A', '2025-11-17 12:09:35'),
(117, 'V\r\nA: 環境(かんきょう)のために、何か気をつけていますか。 \r\nB: マイストローを_________ようにしています。 ごみを減らすのにいいんです。 A: そうですか。', NULL, NULL, 8, '{\"A\":\"\\u6301(\\u3082)\\u3061\\u6b69(\\u3042\\u308b)\\u304d\",\"B\":\"\\u6301\\u3061\\u6b69\\u3044\\u3066\",\"C\":\"\\u6301\\u3061\\u6b69\\u304f\",\"D\":\"\\u6301\\u3061\\u6b69\\u3044\\u305f\"}', 'C', '2025-11-17 12:10:34'),
(118, 'W\r\nA: これ、どうぞ。タイのおみやげです。 \r\nB: これ、何ですか。 \r\nA: ナンプラーです。タイ料理に________調味料(ちょうみりょう)です。 \r\nB: どうもありがとうございます。', NULL, NULL, 8, '{\"A\":\"\\u4f7f\\u3046\",\"B\":\"\\u4f7f\\u3044\",\"C\":\"\\u4f7f\\u3063\\u305f\",\"D\":\"\\u4f7f\\u3063\\u3066\"}', 'A', '2025-11-17 12:11:33'),
(119, 'X\r\n絵（え）の中（なか）の文（ぶん）を完成（かんせい）させなさい\r\nlengkapilah kalimat pada gambar', 'uploads/images/691b11e08a2fc1.77370415.png', NULL, 8, '{\"A\":\"\\u304a\\u3053\\u3057\\u304f\\u3060\\u3055\\u3044\",\"B\":\"\\u304a\\u5f85\\u305f\\u305b\\u3057\\u307e\\u3057\\u305f\",\"C\":\"\\u3044\\u3063\\u3066\\u307f\\u307e\\u3059\"}', 'C', '2025-11-17 12:15:28'),
(120, 'Y\r\n絵（え）の中（なか）の文（ぶん）を完成（かんせい）させなさい\r\nlengkapilah kalimat pada gambar...', 'uploads/images/691b1233a8aa13.85832936.png', NULL, 8, '{\"A\":\"\\u3082\\u3046\\u7121\\u7406(\\u3080\\u308a)\\u3067\\u3059\\u304b\",\"B\":\"\\u3069\\u3046\\u3067\\u3057\\u3087\\u3046\\u304b\",\"C\":\"\\u3069\\u3046\\u3044\\u3063\\u305f\\u3089\\u3044\\u3044\\u3067\\u3059\\u304b\"}', 'A', '2025-11-17 12:16:51'),
(121, 'Z\r\n絵（え）の中（なか）の文（ぶん）を完成（かんせい）させなさい\r\nlengkapilah kalimat pada gambar', 'uploads/images/691b12961a1639.76362182.png', NULL, 8, '{\"A\":\"\\u3067\\u304d\\u308c\\u3070\",\"B\":\"\\u306a\\u308b\\u307b\\u3069\",\"C\":\"\\u305f\\u3057\\u304b\\u306b\"}', 'A', '2025-11-17 12:18:30'),
(122, 'A1\r\n絵（え）の中（なか）の文（ぶん）を完成（かんせい）させなさい\r\nlengkapilah kalimat pada gambar', 'uploads/images/691b12d14e6600.27997882.png', NULL, 8, '{\"A\":\"\\u4ee5\\u4e0a\\u3067\\u3088\\u308d\\u3057\\u3044\\u3067\\u3059\\u304b\\u3002\",\"B\":\"\\u4f55\\u540d\\u3055\\u307e\\u3067\\u3059\\u304b\\u3002\",\"C\":\"\\u304a\\u304d\\u307e\\u308a\\u3067\\u3059\\u304b\\u3002\"}', 'C', '2025-11-17 12:19:29'),
(123, 'A2\r\n絵（え）の中（なか）の文（ぶん）を完成（かんせい）させなさい\r\nlengkapilah kalimat pada gambar', 'uploads/images/691b132d7114e0.42556415.png', NULL, 8, '{\"A\":\"\\u304a\\u3059\\u3059\\u3081\\u3067\\u3059\",\"B\":\"\\u77e5\\u308a\\u307e\\u305b\\u3093\\u3067\\u3057\\u305f\\u3002\",\"C\":\"\\u305d\\u308c\\u306f\\u3044\\u3051\\u307e\\u305b\\u3093\\u306d\\u3002\"}', 'B', '2025-11-17 12:21:01'),
(124, 'A3\r\n絵（え）の中（なか）の文（ぶん）を完成（かんせい）させなさい\r\nlengkapilah kalimat pada gambar', 'uploads/images/691b13b5c80c46.65578016.png', NULL, 8, '{\"A\":\"\\u3069\\u3046\\u306a\\u308a\\u307e\\u3059\\u304b\\u3002\",\"B\":\"\\u3069\\u3046\\u306a\\u3055\\u3044\\u307e\\u3059\\u304b\\u3002\",\"C\":\"\\u4f55\\u3092\\u8a00\\u3063\\u3066\\u307e\\u3057\\u305f\\u304b\\u3002\"}', 'C', '2025-11-17 12:23:17'),
(125, 'A4\r\nこのメールでは打ち合わせは何曜日になりましたか。', 'uploads/images/691b144dd95c21.27648669.png', NULL, 8, '{\"A\":\"\\u6728\\u66dc\\u65e5\\u306b\\u306a\\u308a\\u307e\\u3057\\u305f\\u3002\",\"B\":\"\\u91d1\\u66dc\\u65e5\\u306b\\u306a\\u308a\\u307e\\u3057\\u305f\\u3002\",\"C\":\"\\u6c34\\u66dc\\u65e5\\u306b\\u306a\\u308a\\u307e\\u3057\\u305f\\u3002\"}', 'A', '2025-11-17 12:25:49'),
(126, 'A5\r\n友達は旅行について、SNSで書きました。友達は旅行先で何をしましたか。', 'uploads/images/691b14aa0bd271.44065707.png', NULL, 8, '{\"A\":\"\\u30a4\\u30f3\\u30b9\\u30bf\\u30f3\\u30c8\\u30e9\\u30fc\\u30e1\\u30f3\\u3092\\u898b\\u307e\\u3057\\u305f\\u3002\",\"B\":\"\\u81ea\\u5206\\u306e\\u30ab\\u30c3\\u30d7\\u30e9\\u30fc\\u30e1\\u30f3\\u3092\\u4f5c\\u308a\\u307e\\u3057\\u305f\",\"C\":\"\\u30b9\\u30ad\\u30fc\\u3092\\u3057\\u307e\\u3057\\u305f\\u3002\"}', 'B', '2025-11-17 12:27:22'),
(127, 'A6\r\n図書館の使い方。かえすとき、図書館がしまったら、どうしますか。', 'uploads/images/691b14dec764f1.82938329.png', NULL, 8, '{\"A\":\"\\u304b\\u3048\\u3059\\u30dd\\u30b9\\u30c8\\u306b\\u3044\\u308c\\u307e\\u3059\\u3002\",\"B\":\"\\u30ab\\u30a6\\u30f3\\u30bf\\u30fc\\u306e\\u3082\\u3063\\u3066\\u304d\\u307e\\u3059\",\"C\":\"\\u3082\\u3063\\u3066\\u304b\\u3048\\u308a\\u307e\\u3059\\u3002\"}', 'A', '2025-11-17 12:28:14'),
(128, 'A7\r\nこれは防災(ぼうさい)パンフレットです。非常持ち出し品について、どんなことをチェックしますか。', 'uploads/images/691b15590ef5a2.73625406.png', NULL, 8, '{\"A\":\"\\u8cde\\u5473\\u671f\\u9650\\u3084\\u4f7f\\u7528\\u671f\\u9650\\u3001\\u96fb\\u6c60\\u304c\\u304d\\u308c\\u3066\\u3044\\u306a\\u3044\\u304b\\u3002\",\"B\":\"\\u304a\\u91d1\\u304c\\u3042\\u308b\\u304b\\u306a\\u3044\\u304b\\u3002\",\"C\":\"\\u96fb\\u6c17\\u3084\\u6c34\\u306a\\u3069\\u304c\\u4f7f\\u3048\\u306a\\u3044\\u304b\\u3002\"}', 'A', '2025-11-17 12:30:17'),
(129, 'A8\r\nこれは防災(ぼうさい)パンフレットです。非常持ち出し品について、どんなことをチェックしますか。', 'uploads/images/691b15675e0c32.28560668.png', NULL, 8, '{\"A\":\"\\u8cde\\u5473\\u671f\\u9650\\u3084\\u4f7f\\u7528\\u671f\\u9650\\u3001\\u96fb\\u6c60\\u304c\\u304d\\u308c\\u3066\\u3044\\u306a\\u3044\\u304b\\u3002\",\"B\":\"\\u304a\\u91d1\\u304c\\u3042\\u308b\\u304b\\u306a\\u3044\\u304b\\u3002\",\"C\":\"\\u96fb\\u6c17\\u3084\\u6c34\\u306a\\u3069\\u304c\\u4f7f\\u3048\\u306a\\u3044\\u304b\\u3002\"}', 'A', '2025-11-17 12:30:31'),
(130, 'A9\r\nこれは防災(ぼうさい)パンフレットです。非常持ち出し品について、どんなことをチェックしますか。', 'uploads/images/691b15774f4f07.06491469.png', NULL, 8, '{\"A\":\"\\u8cde\\u5473\\u671f\\u9650\\u3084\\u4f7f\\u7528\\u671f\\u9650\\u3001\\u96fb\\u6c60\\u304c\\u304d\\u308c\\u3066\\u3044\\u306a\\u3044\\u304b\\u3002\",\"B\":\"\\u304a\\u91d1\\u304c\\u3042\\u308b\\u304b\\u306a\\u3044\\u304b\\u3002\",\"C\":\"\\u96fb\\u6c17\\u3084\\u6c34\\u306a\\u3069\\u304c\\u4f7f\\u3048\\u306a\\u3044\\u304b\\u3002\"}', 'A', '2025-11-17 12:30:47'),
(131, 'A10\r\nこれは防災(ぼうさい)パンフレットです。非常持ち出し品について、どんなことをチェックしますか。', 'uploads/images/691b157954fec6.31443742.png', NULL, 8, '{\"A\":\"\\u8cde\\u5473\\u671f\\u9650\\u3084\\u4f7f\\u7528\\u671f\\u9650\\u3001\\u96fb\\u6c60\\u304c\\u304d\\u308c\\u3066\\u3044\\u306a\\u3044\\u304b\\u3002\",\"B\":\"\\u304a\\u91d1\\u304c\\u3042\\u308b\\u304b\\u306a\\u3044\\u304b\\u3002\",\"C\":\"\\u96fb\\u6c17\\u3084\\u6c34\\u306a\\u3069\\u304c\\u4f7f\\u3048\\u306a\\u3044\\u304b\\u3002\"}', 'A', '2025-11-17 12:30:49'),
(132, 'A11\r\nこれは防災(ぼうさい)パンフレットです。非常持ち出し品について、どんなことをチェックしますか。', 'uploads/images/691b1579e8c5e9.59975971.png', NULL, 8, '{\"A\":\"\\u8cde\\u5473\\u671f\\u9650\\u3084\\u4f7f\\u7528\\u671f\\u9650\\u3001\\u96fb\\u6c60\\u304c\\u304d\\u308c\\u3066\\u3044\\u306a\\u3044\\u304b\\u3002\",\"B\":\"\\u304a\\u91d1\\u304c\\u3042\\u308b\\u304b\\u306a\\u3044\\u304b\\u3002\",\"C\":\"\\u96fb\\u6c17\\u3084\\u6c34\\u306a\\u3069\\u304c\\u4f7f\\u3048\\u306a\\u3044\\u304b\\u3002\"}', 'A', '2025-11-17 12:30:49'),
(133, 'A12\r\nこれは防災(ぼうさい)パンフレットです。非常持ち出し品について、どんなことをチェックしますか。', NULL, NULL, 8, '{\"A\":\"\\u8cde\\u5473\\u671f\\u9650\\u3084\\u4f7f\\u7528\\u671f\\u9650\\u3001\\u96fb\\u6c60\\u304c\\u304d\\u308c\\u3066\\u3044\\u306a\\u3044\\u304b\\u3002\",\"B\":\"\\u304a\\u91d1\\u304c\\u3042\\u308b\\u304b\\u306a\\u3044\\u304b\\u3002\",\"C\":\"\\u96fb\\u6c17\\u3084\\u6c34\\u306a\\u3069\\u304c\\u4f7f\\u3048\\u306a\\u3044\\u304b\\u3002\"}', 'A', '2025-11-17 12:30:50'),
(134, 'A13\r\nこれは防災(ぼうさい)パンフレットです。非常持ち出し品について、どんなことをチェックしますか。', 'uploads/images/691b157ad3ceb3.25346894.png', NULL, 8, '{\"A\":\"\\u8cde\\u5473\\u671f\\u9650\\u3084\\u4f7f\\u7528\\u671f\\u9650\\u3001\\u96fb\\u6c60\\u304c\\u304d\\u308c\\u3066\\u3044\\u306a\\u3044\\u304b\\u3002\",\"B\":\"\\u304a\\u91d1\\u304c\\u3042\\u308b\\u304b\\u306a\\u3044\\u304b\\u3002\",\"C\":\"\\u96fb\\u6c17\\u3084\\u6c34\\u306a\\u3069\\u304c\\u4f7f\\u3048\\u306a\\u3044\\u304b\\u3002\"}', 'A', '2025-11-17 12:30:50'),
(136, '<p>A14 ギーさんは、先生のことをどう思っていますか。</p>', NULL, NULL, 8, '{\"A\":\"\\u5148\\u751f\\u306f\\u304a\\u3082\\u3057\\u308d\\u304f\\u306a\\u3044\\u3067\\u3059\",\"B\":\"\\u5148\\u751f\\u306e\\u6388\\u696d\\u306f\\u3068\\u3066\\u3082\\u697d\\u3057\\u304b\\u3063\\u305f\\u3067\\u3059\",\"C\":\"\\u5148\\u751f\\u306b\\u304b\\u3093\\u3057\\u3083\\u3057\\u3066\\u3044\\u307e\\u3059\\u3002\"}', 'C', '2025-11-17 12:32:00'),
(137, 'A\r\nコトバ この​​絵の何が正 (ただ) しいのか\r\nkotoba apa yang benar dengan gambar', 'uploads/images/691efcc0275574.41695442.png', NULL, 10, '{\"A\":\"\\u308f\\u305f\\u308b\",\"B\":\"\\u306a\\u304f\",\"C\":\"\\u306f\\u3057\\u308b\"}', 'B', '2025-11-20 11:34:24'),
(138, 'B\r\nコトバ この​​絵の何が正 (ただ) しいのか\r\nkotoba apa yang benar dengan gambar', 'uploads/images/691efd23e7db41.21417371.png', NULL, 10, '{\"A\":\"\\u304d\\u3044\\u308d\\u3044\",\"B\":\"\\u304f\\u308d\\u3044\",\"C\":\"\\u30d9\\u30fc\\u30b8\\u30e5\"}', 'A', '2025-11-20 11:36:03'),
(139, 'C\r\nコトバ この​​絵の何が正 (ただ) しいのか\r\nkotoba apa yang benar dengan gambar', 'uploads/images/691efd7f23efa2.79924288.png', NULL, 10, '{\"A\":\"\\u307f\\u3058\\u304b\\u3044\",\"B\":\"\\u304a\\u305d\\u3044\",\"C\":\"\\u305b\\u307e\\u3044\"}', 'A', '2025-11-20 11:37:35'),
(140, 'D\r\nコトバ この​​絵の何が正 (ただ) しいのか\r\nkotoba apa yang benar dengan gambar', 'uploads/images/691efdeea222d2.23895954.png', NULL, 10, '{\"A\":\"\\u3080\\u304d\\u307e\\u3059\",\"B\":\"\\u306f\\u308c\\u307e\\u3059\",\"C\":\"\\u3088\\u3054\\u308c\\u307e\\u3059\"}', 'C', '2025-11-20 11:39:26'),
(141, 'E\r\nてがみを ( _____ ) に いれてください。', NULL, NULL, 10, '{\"A\":\"\\u30dd\\u30b9\\u30c8\",\"B\":\"\\u304a\\u3055\\u3089\",\"C\":\"\\u30b3\\u30f3\\u30d3\\u30cb\"}', 'A', '2025-11-20 11:40:31'),
(142, 'F\r\nカップに おゆを ( _____ ) ましょう。', NULL, NULL, 10, '{\"A\":\"\\u307f\\u305b\",\"B\":\"\\u3059\\u3059\\u304e\",\"C\":\"\\u304a\\u3057\"}', 'B', '2025-11-20 11:41:37'),
(143, 'G\r\nコピーは ( _____ ) に してください。', NULL, NULL, 10, '{\"A\":\"\\u30d5\\u30a9\\u30fc\\u30e0\",\"B\":\"\\u3057\\u305a\\u304b\",\"C\":\"\\u3057\\u308d\\u304f\\u308d\"}', 'C', '2025-11-20 11:43:28'),
(144, 'H\r\nここは みどりが おおくて、しずかで( _____ )です。', NULL, NULL, 10, '{\"A\":\"\\u306d\\u3076\\u305d\\u304f\",\"B\":\"\\u305f\\u3044\\u3078\\u3093\",\"C\":\"\\u3059\\u307f\\u3084\\u3059\\u3044\"}', 'C', '2025-11-20 11:49:02'),
(145, 'I\r\nせきが ( _____ )ので、からいものを食べません。', NULL, NULL, 10, '{\"A\":\"\\u3067\\u308b\",\"B\":\"\\u3059\\u308b\",\"C\":\"\\u306f\\u3044\\u308b\"}', 'A', '2025-11-20 11:53:57'),
(146, 'J\r\nきょうとは ( _____ )のとき、もみじが とてもきれいです。', NULL, NULL, 10, '{\"A\":\"\\u306f\\u308b\",\"B\":\"\\u3042\\u304d\",\"C\":\"\\u306a\\u3064\"}', 'B', '2025-11-20 11:54:26'),
(147, 'K\r\n<u>頭</u>が とてもいたいです。', NULL, NULL, 10, '{\"A\":\"\\u3042\\u305f\\u307e\",\"B\":\"\\u304b\\u304a\",\"C\":\"\\u304b\\u3089\\u3060\"}', 'A', '2025-11-20 12:00:11'),
(148, 'L\r\nとけいを <u>安</u>く かえました', NULL, NULL, 10, '{\"A\":\"\\u3075\\u308b\\u304f\",\"B\":\"\\u305f\\u304b\\u304f\",\"C\":\"\\u3084\\u3059\\u304f\"}', 'C', '2025-11-20 12:00:45'),
(149, 'M\r\nそとで <u>遊ばない</u> でください。', NULL, NULL, 10, '{\"A\":\"\\u3042\\u305d\\u3070\\u306a\\u3044\",\"B\":\"\\u3048\\u3089\\u3070\\u306a\\u3044\",\"C\":\"\\u3088\\u3070\\u306a\\u3044\"}', 'A', '2025-11-20 12:03:05'),
(150, 'N\r\n山田先生の <u>住所</u> を おしえてください。', NULL, NULL, 10, '{\"A\":\"\\u3058\\u3085\\u3057\\u3087\\u3046\",\"B\":\"\\u3058\\u3085\\u3046\\u3057\\u3087\\u3046\",\"C\":\"\\u3058\\u3085\\u3046\\u3057\\u3087\"}', 'C', '2025-11-20 12:04:10'),
(151, 'O\r\nここに( _____ )をとめましょう。', NULL, NULL, 10, '{\"A\":\"\\u81ea\\u8ee2\\u8eca\",\"B\":\"\\u6d17\\u6fef\\u6a5f\",\"C\":\"\\u56f3\\u66f8\\u9928\"}', 'A', '2025-11-20 12:04:59'),
(152, 'P\r\nいつか( _____ )で はたらきたいです', NULL, NULL, 10, '{\"A\":\"\\u5de5\\u4e8b\",\"B\":\"\\u7a93\\u53e3\",\"C\":\"\\u5916\\u56fd\"}', 'C', '2025-11-20 12:05:52'),
(153, 'Q\r\nよやく は( _____ )で うけてください。', NULL, NULL, 10, '{\"A\":\"\\u5834\\u6240 \",\"B\":\"\\u53d7\\u4ed8 \",\"C\":\"\\u4ed5\\u4e8b\"}', 'B', '2025-11-20 12:06:51'),
(154, 'R\r\nA : はじめまして。 いけだです。よろしく おねがいします \r\nB : よろしく。( _____ )か。 \r\nA : 21 さいです。', NULL, NULL, 10, '{\"A\":\"\\u304a\\u3044\\u304f\\u3064\\u3067\\u3059 \",\"B\":\"\\u304b\\u305e\\u304f\\u306f\\u306a\\u3093\\u306b\\u3093\\u3067\\u3059 \",\"C\":\"\\u3044\\u3064\\u304d\\u307e\\u3057\\u305f\\u304b \",\"D\":\"\\u3057\\u3054\\u3068\\u306f\\u306a\\u3093\\u3067\\u3059\\u304b\"}', 'A', '2025-11-20 12:07:44'),
(155, 'S\r\nA : 土曜日にぼんおどりたいかいが ありますよ。 \r\nB : それは何ですか。 \r\nA : 日本のまつりです。おんがくに あわせて、 みんなおどります。楽しいですよ。 \r\nB : (________）。 A : じゃ、いっしょに 行きましょう。', NULL, NULL, 10, '{\"A\":\"\\u304a\\u3069\\u308a\\u307e\\u305b\\u3093\\u304b\",\"B\":\"\\u884c\\u3063\\u3066\\u307f\\u305f\\u3044\\u3067\\u3059\",\"C\":\"\\u672c\\u5f53\\u306b\\u697d\\u3057\\u3044\\u3067\\u3059\\u306d\",\"D\":\"\\u3044\\u3064\\u884c\\u304d\\u307e\\u3059\\u304b\"}', 'B', '2025-11-20 12:14:06'),
(156, 'T\r\nA : きのう 動物園へ 行きましたよ。 \r\nB : そうですか。 A : はじめて パンダを 見ました。 \r\nB : (________）か。 \r\nA : すごく かわいかったですよ。', NULL, NULL, 10, '{\"A\":\"\\u597d\\u304d\\u3067\\u3059\",\"B\":\"\\u52d5\\u7269\\u5712\\u306f \\u3069\\u3046\\u3067\\u3057\\u305f\",\"C\":\"\\u3069\\u3053\\u306b\\u3044\\u307e\\u3059\",\"D\":\"\\u3069\\u3046\\u3067\\u3057\\u305f\"}', 'D', '2025-11-20 12:15:31'),
(157, 'U\r\nA : ( _______ )。 \r\nB : はい、どうしましたか。 \r\nA : 明日 空港で母をむかえにいくんですが、そうたいしても いいでしょうか。 \r\nB : 明日ですか。いいですよ。 \r\nA : ありがとうございます。', NULL, NULL, 10, '{\"A\":\"\\u3057\\u3064\\u308c\\u3044\\u3057\\u307e\\u3059\",\"B\":\"\\u3042\\u306e\\u3001\\u3059\\u307f\\u307e\\u305b\\u3093\",\"C\":\"\\u304a\\u3058\\u3083\\u307e\\u3057\\u307e\\u3059\",\"D\":\"\\u3060\\u3044\\u3058\\u3087\\u3046\\u3076\\u3067\\u3059\\u304b\"}', 'B', '2025-11-20 12:17:11'),
(158, 'V\r\n学生 : 先生、( _______ )か。 \r\n先生 : ああ、ありがとう。じゃ、机の上にあるカードを かたづけてもらえませんか。 \r\n学生 : はい。 \r\n先生 : ひらがなのカードはこの箱に入れてくださいね。 かたかなのカードはあちらの箱です。', NULL, NULL, 10, '{\"A\":\"\\u4eca\\u3088\\u308d\\u3057\\u3044\\u3067\\u3057\\u3087\\u3046\",\"B\":\"\\u4f55\\u304b\\u304a\\u624b\\u4f1d\\u3044\\u3057\\u307e\\u3057\\u3087\\u3046\",\"C\":\"\\u4f55\\u3092\\u3057\\u3066\\u3044\\u307e\\u3059\",\"D\":\"\\u4eca\\u5927\\u4e08\\u592b\\u3067\\u3057\\u3087\\u3046\"}', 'B', '2025-11-20 12:19:13'),
(159, 'W\r\nA : もしもし。今アパートの前に着きました。 \r\nB : ああ、マイクさん。 \r\nA : 駐車場に車を ( _______ )か。 \r\nB : はい、駐車場に入って、一番おくまでに止めてください。 \r\nA : はーい。', NULL, NULL, 10, '{\"A\":\"\\u6b62\\u3081\\u3066\\u3082\\u3044\\u3044\\u3067\\u3059\",\"B\":\"\\u6b62\\u3081\\u3066\\u306f\\u3044\\u3051\\u307e\\u305b\\u3093\",\"C\":\"\\u6b62\\u3081\\u307e\\u305b\\u3093\",\"D\":\"\\u6b62\\u3081\\u306a\\u3051\\u308c\\u3070\\u306a\\u308a\\u307e\\u305b\\u3093\"}', 'A', '2025-11-20 12:20:40'),
(160, 'X\r\nA: むらたさん、ちょっといいですか? \r\nB: はい、何ですか。 \r\nA: 私、今週の金曜日から旅行に行くんだけど、スーツケースがこわれちゃったんだけど (________）か。 \r\nB: 私も来週使うんですよ。いつ旅行から帰ってきますか。 \r\nA: えーと、来週の水曜日です。 \r\nB: なるほど。間に合うと思います。じゃ、明日の朝、持ってきます。 \r\nA: ありがとうございます。お願いします。', NULL, NULL, 10, '{\"A\":\"\\u8cb8\\u3057\\u3066\\u3082\\u3044\\u3044\\u3067\\u3059\",\"B\":\"\\u8cb8\\u3057\\u307e\\u3057\\u3087\\u3046\",\"C\":\"\\u8cb8\\u3057\\u3066\\u304f\\u308c\\u307e\\u305b\\u3093\",\"D\":\"\\u8cb8\\u3057\\u305f\\u3089\\u3044\\u3044\\u3067\\u3059\"}', 'C', '2025-11-20 12:22:13'),
(161, 'Y\r\nA: もしもし、たけるさん、家はどの辺ですか。私は駅の西口から出ました。 \r\nB: はい、そこからまっすぐ行って、コンビニがあります。 コンビニの近くに信号があります。 \r\nA: はい。 \r\nB: その信号をまっすぐ ( _______ )、左手に郵便局があります。 私の家はその郵便局のとなりです。 \r\nA: はい、分かりました。', NULL, NULL, 10, '{\"A\":\"\\u9032\\u3093\\u3060\\u3042\\u3068\\u3067\",\"B\":\"\\u9032\\u3080\\u304b\\u3089\",\"C\":\"\\u9032\\u3080\\u3068\",\"D\":\"\\u9032\\u3080\\u306e\\u3067\"}', 'C', '2025-11-20 12:23:16'),
(162, 'A\r\nコトバ この​​絵の何が正 (ただ) しいのか\r\nkotoba apa yang benar dengan gambar', 'uploads/images/6922bd44e88070.95984617.png', NULL, 11, '{\"A\":\"\\u3061\\u304b\\u3066\\u3064\",\"B\":\"\\u3042\\u308b\\u3044\\u3066\",\"C\":\"\\u3058\\u3066\\u3093\\u3057\\u3083\"}', 'B', '2025-11-23 07:52:36'),
(163, 'B\r\nコトバ この​​絵の何が正 (ただ) しいのか\r\nkotoba apa yang benar dengan gambar', 'uploads/images/6922bd9ddf8581.93285367.png', NULL, 11, '{\"A\":\"\\u304b\\u3044\\u3055\\u3064\",\"B\":\"\\u30a8\\u30b9\\u30ab\\u30ec\\u30fc\\u30bf\\u30fc\",\"C\":\"\\u30b3\\u30f3\\u30d3\\u30cb\"}', 'B', '2025-11-23 07:52:37'),
(164, 'C\r\nコトバ この​​絵の何が正 (ただ) しいのか\r\nkotoba apa yang benar dengan gambar', 'uploads/images/6922be1ee5c8c1.69203693.png', NULL, 11, '{\"A\":\"\\u3061\\u3044\\u3055\\u3044\",\"B\":\"\\u3042\\u304b\\u308b\\u3044\",\"C\":\"\\u306a\\u304c\\u3044\"}', 'A', '2025-11-23 07:56:14'),
(165, 'D\r\nコトバ この​​絵の何が正 (ただ) しいのか\r\nkotoba apa yang benar dengan gambar', NULL, NULL, 11, '{\"A\":\"\\u3059\\u3066\\u308b\",\"B\":\"\\u306e\\u308b\",\"C\":\"\\u3042\\u305f\\u305f\\u3081\\u308b\"}', 'C', '2025-11-23 07:57:41'),
(166, 'E\r\nいえへ かえったら、すぐ、おふろに( _____ )。', NULL, NULL, 11, '{\"A\":\"\\u306f\\u3044\\u308a\\u307e\\u3059\",\"B\":\"\\u3064\\u3051\\u307e\\u3059\",\"C\":\"\\u304a\\u3057\\u307e\\u3059\"}', 'A', '2025-11-23 07:58:33'),
(167, 'F\r\n私は日本の( _____ )に もう なれました。', NULL, NULL, 11, '{\"A\":\"\\u30a4\\u30d9\\u30f3\\u30c8\",\"B\":\"\\u305b\\u3044\\u304b\\u3064\",\"C\":\"\\u307e\\u3064\\u308a\"}', 'B', '2025-11-23 08:00:09'),
(168, 'G\r\nいもうと は 日本語 がっこうに( _____ )います。', NULL, NULL, 11, '{\"A\":\"\\u3064\\u304f\\u3063\\u3066\",\"B\":\"\\u307e\\u304c\\u3063\\u3066\",\"C\":\"\\u304b\\u3088\\u3063\\u3066\"}', 'C', '2025-11-23 08:01:25'),
(169, 'H\r\nあたらしい さいふを もらって、( _____ )です。', NULL, NULL, 11, '{\"A\":\"\\u304a\\u3082\\u3057\\u308d\\u3044\",\"B\":\"\\u305f\\u306e\\u3057\\u3044\",\"C\":\"\\u3046\\u308c\\u3057\\u3044\"}', 'C', '2025-11-23 08:02:18'),
(170, 'I\r\nやさいをいれて、それからよく( _____ )ください。', NULL, NULL, 11, '{\"A\":\"\\u307e\\u305c\\u3066\",\"B\":\"\\u306f\\u306a\\u3057\\u3066\",\"C\":\"\\u307e\\u304c\\u3063\\u3066\"}', 'A', '2025-11-23 08:03:18'),
(171, 'J\r\nふゆのとき、ここは雪が たくさん( _____ )。', NULL, NULL, 11, '{\"A\":\"\\u304a\\u308a\\u307e\\u3059\",\"B\":\"\\u3075\\u308a\\u307e\\u3059\",\"C\":\"\\u3064\\u304b\\u3044\\u307e\\u3059\"}', 'B', '2025-11-23 08:04:10'),
(172, 'K\r\nこのくつは 2<u>万</u> 円です。', NULL, NULL, 11, '{\"A\":\"\\u307e\\u3093\",\"B\":\"\\u305b\\u3093\",\"C\":\"\\u3072\\u3083\\u304f\"}', 'A', '2025-11-23 08:05:03'),
(173, 'L\r\nなりたさんは せが <u>低い</u> 人です', NULL, NULL, 11, '{\"A\":\"\\u306a\\u304c\\u3044\",\"B\":\"\\u3061\\u3044\\u3055\\u3044\",\"C\":\"\\u3072\\u304f\\u3044\"}', 'C', '2025-11-23 08:06:08'),
(174, 'M\r\nくるまの <u>横</u> に ねこが います。', NULL, NULL, 11, '{\"A\":\"\\u3068\\u306a\\u308a\",\"B\":\"\\u307e\\u3048\",\"C\":\"\\u3088\\u3053\"}', 'C', '2025-11-23 08:09:06'),
(175, 'N\r\nまつりは <u>週末</u> に おこなわれます。', NULL, NULL, 11, '{\"A\":\"\\u3057\\u3085\\u3046\\u307e\\u3064\",\"B\":\"\\u3057\\u3085\\u307e\\u3064\",\"C\":\"\\u3057\\u307e\\u3064\\u3046\"}', 'A', '2025-11-23 08:10:09'),
(176, 'O\r\nもういちど ゆっくり( _____ )ください。', NULL, NULL, 11, '{\"A\":\"\\u8a00\\u3063\\u3066\",\"B\":\"\\u8cb8\\u3057\\u3066\",\"C\":\"\\u58f2\\u3063\\u3066\"}', 'A', '2025-11-23 08:11:03'),
(177, 'P\r\nつめたい( _____ )を のむといいです。', NULL, NULL, 11, '{\"A\":\"\\u304a\\u8089\",\"B\":\"\\u304a\\u76bf\",\"C\":\"\\u304a\\u8336\"}', 'C', '2025-11-23 08:12:01'),
(178, 'Q\r\nらいげつ 国から( _____ )が きます。', NULL, NULL, 11, '{\"A\":\"\\u97f3\\u697d\",\"B\":\"\\u5bb6\\u65cf\",\"C\":\"\\u98df\\u5802\"}', 'B', '2025-11-23 08:12:57'),
(179, 'R\r\nはるみ：パブロさん、かえりますか。 \r\nパブロ：はい。おさきにしつれいします。 \r\nはるみ：( ________ )。', NULL, NULL, 11, '{\"A\":\"\\u304a\\u3064\\u304b\\u308c\\u3055\\u307e\\u3067\\u3057\\u305f\",\"B\":\"\\u3059\\u307f\\u307e\\u305b\\u3093\",\"C\":\"\\u3069\\u3046\\u3082 \",\"D\":\"\\u3088\\u308d\\u3057\\u304f\\u306d\"}', 'A', '2025-11-23 08:14:09'),
(180, 'S\r\nA: はくぶつかん、いつがいいですか。 \r\nB: 私は 日曜日がいいです。 \r\nA: 私も大丈夫です。 \r\nB: ( ________ )。', NULL, NULL, 11, '{\"A\":\"\\u65e5\\u66dc\\u65e5\\u306f\\u3061\\u3087\\u3063\\u3068....\",\"B\":\"\\u3058\\u3083\\u3001\\u65e5\\u66dc\\u65e5\\u306b\\u3057\\u307e\\u3057\\u3087\\u3046\",\"C\":\"\\u571f\\u66dc\\u65e5\\u304c\\u3044\\u3044\\u3067\\u3059\\u306d\",\"D\":\"\\u65e5\\u66dc\\u65e5\\u306f\\u3060\\u3081\\u3067\\u3059\\u306d\"}', 'B', '2025-11-23 08:15:26'),
(181, 'T\r\nA: しゅみは 何ですか。 \r\nB: ( ________ )。 \r\nA: そうですか。私もです。', NULL, NULL, 11, '{\"A\":\"\\u4f55\\u3067\\u3082\\u597d\\u304d\\u3067\\u3059\",\"B\":\"\\u30b8\\u30e7\\u30ae\\u30f3\\u30b0\\u3092\\u3059\\u308b\\u3088\\u3046\\u306b\\u3057\\u3066\\u3044\\u307e\\u3059\",\"C\":\"\\u305f\\u3070\\u3053\\u3092\\u3059\\u3044\\u307e\\u3059\",\"D\":\"\\u304a\\u3093\\u304c\\u304f\\u3092\\u304d\\u304f\\u3053\\u3068\\u3067\\u3059\"}', 'D', '2025-11-23 08:17:04'),
(182, 'U\r\nA: すずきさん、( _______ )。 \r\nB: はい、何ですか。 \r\nA: ご飯を買いたいんですが、さいふをわすれてしまいました。 お金をかしてもいいですか。 \r\nB: はい、もちろんです。', NULL, NULL, 11, '{\"A\":\"\\u304a\\u91d1\\u3001\\u3042\\u308a\\u307e\\u3059\\u304b\",\"B\":\"\\u3061\\u3087\\u3063\\u3068\\u3044\\u3044\\u3067\\u3059\\u304b\",\"C\":\"\\u3054\\u98ef\\u3092\\u8cb7\\u3044\\u307e\\u3059\\u304b\",\"D\":\"\\u4eca\\u4f55\\u3092\\u3057\\u3066\\u3044\\u307e\\u3059\\u304b\"}', 'B', '2025-11-23 08:18:28'),
(183, 'V\r\nA : いけだんさん、ふじひかりへ行ったことがありますか。 \r\nB : はい、先月家族と行きましたよ。 \r\nA : そこに 食事のところ、ありますか。 \r\nB : たくさんありますよ。でも こうえんの中のレストランで ( _______ )よ。高いですから。 \r\nA : そうですか。分かりました。', NULL, NULL, 11, '{\"A\":\"\\u98df\\u3079\\u3066\\u3082\\u3044\\u3044\\u3067\\u3059\",\"B\":\"\\u98df\\u3079\\u306a\\u3044\\u307b\\u3046\\u304c\\u3044\\u3044\\u3067\\u3059\",\"C\":\"\\u98df\\u3079\\u308b\\u3088\\u3046\\u306b\\u3057\\u307e\\u3059\",\"D\":\"\\u98df\\u3079\\u3066\\u304f\\u3060\\u3055\\u3044\"}', 'B', '2025-11-23 08:20:01'),
(184, 'W\r\nA: すてきなぼうしですね。 \r\nB: ありがとうございます。 \r\nA: どこで買ったんですか。 \r\nB: 誕生日に 兄に 買って( _______ )。 \r\nA: そうですか。兄はやさしいですね。', NULL, NULL, 11, '{\"A\":\"\\u3082\\u3089\\u3044\\u307e\\u3057\\u305f\",\"B\":\"\\u3044\\u305f\\u3060\\u304d\\u307e\\u3057\\u305f\",\"C\":\"\\u304f\\u308c\\u307e\\u3057\\u305f\",\"D\":\"\\u3042\\u3052\\u307e\\u3057\\u305f\"}', 'A', '2025-11-23 08:21:35'),
(185, 'X\r\nA: ヨギさん、とても元気ですね。 何か 運動していますか。 \r\nB: ううん。毎日できるだけ野菜を食べたり、はやく ( _______ )。 \r\nA: そうですか。いいですね。私もやってみたいです。', NULL, NULL, 11, '{\"A\":\"\\u5bdd\\u3066\\u306f\\u3044\\u3051\\u307e\\u305b\\u3093\",\"B\":\"\\u5bdd\\u305f\\u3089\\u3044\\u3044\\u3067\\u3059\",\"C\":\"\\u5bdd\\u308b\\u3088\\u3046\\u306b\\u3057\\u3066\\u3044\\u307e\\u3059\",\"D\":\"\\u5bdd\\u3061\\u3083\\u3060\\u3081\\u3067\\u3059\"}', 'C', '2025-11-23 08:23:25'),
(186, '<p>Y A: Bさん、<strong>日本語</strong>のべんきょうは どうですか。 B: そうですね。かんじ は おもしろいけど、かいわ は むずかしいです。 B: 日本語がじょうずに はなせるように、毎日 ( _______ )。 A: わかりました。毎日 日本語で話してみます</p>', NULL, NULL, 11, '{\"A\":\"\\u4f7f\\u304a\\u3046\\u3068\\u601d\\u3044\\u307e\\u3059\",\"B\":\"\\u4f7f\\u3063\\u3066\\u306f\\u3044\\u3051\\u307e\\u305b\\u3093\",\"C\":\"\\u4f7f\\u3063\\u3066\\u304f\\u3060\\u3055\\u3044\",\"D\":\"\\u4f7f\\u3063\\u3066\\u3057\\u307e\\u3044\\u307e\\u3057\\u305f\"}', 'C', '2025-11-23 08:28:15'),
(187, 'asdawda', NULL, NULL, NULL, '{\"A\":\"adawd\",\"B\":\"adadadaw\"}', 'B', '2025-11-25 11:21:15'),
(190, '<p><strong>パンを&nbsp;（　　） ください。</strong></p>', NULL, NULL, NULL, '{\"A\":\"\\u304b\\u3044\\u307e\\u3059\",\"B\":\"\\u304f\\u3060\\u3055\\u3044\",\"C\":\"\\u304f\\u3060\\u3055\\u3044\\u307e\\u305b\\u3093\\u304b\",\"D\":\"\\u3072\\u3068\\u3064\"}', 'D', '2025-11-25 11:54:16'),
(191, '<p>A: 「あした 10じ に 会社 に 来て ください。」<br data-start=\"436\" data-end=\"439\">Apa maksud kalimat tersebut?</p>', NULL, NULL, NULL, '{\"A\":\"Besok jangan datang ke kantor jam 10.\",\"B\":\"Besok datang ke kantor jam 10.\",\"C\":\"Hari ini datang ke kantor jam 10.\",\"D\":\"Besok izin tidak masuk.\"}', 'B', '2025-11-25 11:55:37');

-- --------------------------------------------------------

--
-- Table structure for table `question_packages`
--

CREATE TABLE `question_packages` (
  `id` int NOT NULL,
  `package_name` varchar(255) COLLATE utf8mb4_general_ci NOT NULL,
  `description` text COLLATE utf8mb4_general_ci,
  `created_at` timestamp NOT NULL DEFAULT CURRENT_TIMESTAMP
) ENGINE=InnoDB DEFAULT CHARSET=utf8mb4 COLLATE=utf8mb4_general_ci;

--
-- Dumping data for table `question_packages`
--

INSERT INTO `question_packages` (`id`, `package_name`, `description`, `created_at`) VALUES
(4, 'JFT simulasi', '', '2025-11-08 01:27:35'),
(6, 'JFT 2', 'bunpou\r\n', '2025-11-13 11:36:12'),
(8, 'JFT 4', 'A-E (Moji+Goi)\r\nF-W (Bunpou)', '2025-11-14 04:34:54'),
(10, 'JFT 5', 'A-D 9 (Moji+Goi) \r\nE-X (Bunpou)', '2025-11-15 04:47:38'),
(11, 'JFT 6', 'A-E (Moji+Goi)\r\nF-Q (Bunpou)\r\nR-X (Ekspresi+Ungkapan)', '2025-11-23 07:46:54');

-- --------------------------------------------------------

--
-- Table structure for table `retake_requests`
--

CREATE TABLE `retake_requests` (
  `id` int NOT NULL,
  `student_id` int NOT NULL,
  `test_id` int NOT NULL,
  `test_result_id` int NOT NULL,
  `request_date` timestamp NOT NULL DEFAULT CURRENT_TIMESTAMP,
  `status` enum('pending','approved','rejected') COLLATE utf8mb4_general_ci NOT NULL DEFAULT 'pending',
  `processed_by` int DEFAULT NULL COMMENT 'Admin ID',
  `processed_date` datetime DEFAULT NULL
) ENGINE=InnoDB DEFAULT CHARSET=utf8mb4 COLLATE=utf8mb4_general_ci;

-- --------------------------------------------------------

--
-- Table structure for table `student_answers`
--

CREATE TABLE `student_answers` (
  `id` int NOT NULL,
  `test_result_id` int NOT NULL,
  `question_id` int NOT NULL,
  `student_answer` char(1) COLLATE utf8mb4_general_ci DEFAULT NULL,
  `is_correct` tinyint(1) DEFAULT NULL COMMENT '1=Benar, 0=Salah'
) ENGINE=InnoDB DEFAULT CHARSET=utf8mb4 COLLATE=utf8mb4_general_ci;

--
-- Dumping data for table `student_answers`
--

INSERT INTO `student_answers` (`id`, `test_result_id`, `question_id`, `student_answer`, `is_correct`) VALUES
(137, 11, 31, 'B', 0),
(138, 11, 30, 'B', 1),
(139, 11, 29, 'D', 0),
(140, 11, 28, 'B', 1),
(141, 11, 27, 'D', 0),
(142, 11, 26, 'A', 0),
(143, 11, 25, 'B', 1),
(144, 11, 24, 'A', 1),
(145, 11, 23, 'B', 1),
(146, 11, 22, 'A', 0),
(147, 11, 21, 'B', 1),
(148, 11, 20, 'B', 0),
(149, 11, 19, 'C', 0),
(150, 11, 18, 'B', 1),
(151, 11, 17, 'D', 0),
(152, 11, 7, 'C', 0),
(153, 11, 16, 'A', 0),
(154, 11, 15, 'C', 0),
(155, 11, 14, 'B', 0),
(156, 11, 13, 'D', 0),
(157, 11, 12, 'D', 1),
(158, 11, 11, 'D', 1),
(159, 11, 10, 'B', 1),
(160, 11, 9, 'B', 1),
(161, 11, 8, 'D', 1),
(162, 11, 36, 'B', 0),
(163, 11, 35, 'B', 1),
(164, 11, 34, 'A', 1),
(165, 11, 33, 'B', 1),
(166, 11, 32, 'B', 1),
(167, 11, 41, 'C', 1),
(168, 11, 40, 'B', 0),
(169, 11, 39, 'B', 1),
(170, 11, 38, 'A', 1),
(171, 11, 37, 'B', 1),
(172, 12, 31, 'B', 0),
(173, 12, 30, 'B', 1),
(174, 12, 29, 'A', 1),
(175, 12, 28, 'B', 1),
(176, 12, 27, 'C', 1),
(177, 12, 26, 'A', 0),
(178, 12, 25, 'D', 0),
(179, 12, 24, 'B', 0),
(180, 12, 23, 'B', 1),
(181, 12, 22, 'A', 0),
(182, 12, 21, 'B', 1),
(183, 12, 20, 'A', 1),
(184, 12, 19, 'A', 1),
(185, 12, 18, 'B', 1),
(186, 12, 17, 'C', 1),
(187, 12, 7, 'A', 0),
(188, 12, 16, 'C', 0),
(189, 12, 15, 'B', 1),
(190, 12, 14, 'A', 0),
(191, 12, 13, 'B', 1),
(192, 12, 12, 'D', 1),
(193, 12, 11, 'D', 1),
(194, 12, 10, 'B', 1),
(195, 12, 9, 'B', 1),
(196, 12, 8, 'D', 1),
(197, 12, 36, 'A', 0),
(198, 12, 35, 'B', 1),
(199, 12, 34, 'B', 0),
(200, 12, 33, 'B', 1),
(201, 12, 32, 'B', 1),
(202, 12, 41, 'C', 1),
(203, 12, 40, 'B', 0),
(204, 12, 39, 'B', 1),
(205, 12, 38, 'A', 1),
(206, 12, 37, 'B', 1),
(242, 10, 31, 'A', 0),
(243, 10, 30, 'A', 0),
(244, 10, 29, 'A', 1),
(245, 10, 28, 'D', 0),
(246, 10, 27, 'A', 0),
(247, 10, 26, 'D', 1),
(248, 10, 25, 'B', 1),
(249, 10, 24, 'B', 0),
(250, 10, 23, 'C', 0),
(251, 10, 22, 'A', 0),
(252, 10, 21, 'B', 1),
(253, 10, 20, 'D', 0),
(254, 10, 19, 'A', 1),
(255, 10, 18, 'B', 1),
(256, 10, 17, 'A', 0),
(257, 10, 7, 'B', 1),
(258, 10, 16, 'D', 0),
(259, 10, 15, 'C', 0),
(260, 10, 14, 'C', 0),
(261, 10, 13, 'B', 1),
(262, 10, 12, 'A', 0),
(263, 10, 11, 'D', 1),
(264, 10, 10, 'B', 1),
(265, 10, 9, 'B', 1),
(266, 10, 8, 'B', 0),
(267, 10, 36, 'A', 0),
(268, 10, 35, 'B', 1),
(269, 10, 34, 'C', 0),
(270, 10, 33, 'A', 0),
(271, 10, 32, 'B', 1),
(272, 10, 41, 'B', 0),
(273, 10, 40, 'A', 0),
(274, 10, 39, 'A', 0),
(275, 10, 38, 'B', 0),
(276, 10, 37, 'A', 0),
(312, 16, 31, 'A', 0),
(313, 16, 30, 'A', 0),
(314, 16, 29, 'A', 1),
(315, 16, 28, 'B', 1),
(316, 16, 27, 'D', 0),
(317, 16, 26, 'B', 0),
(318, 16, 25, 'B', 1),
(319, 16, 24, 'A', 1),
(320, 16, 23, 'B', 1),
(321, 16, 22, 'C', 1),
(322, 16, 21, 'B', 1),
(323, 16, 20, 'D', 0),
(324, 16, 19, 'B', 0),
(325, 16, 18, 'B', 1),
(326, 16, 17, 'C', 1),
(327, 16, 7, 'B', 1),
(328, 16, 16, 'A', 0),
(329, 16, 15, 'B', 1),
(330, 16, 14, 'B', 0),
(331, 16, 13, 'D', 0),
(332, 16, 12, 'D', 1),
(333, 16, 11, 'D', 1),
(334, 16, 10, 'C', 0),
(335, 16, 9, 'B', 1),
(336, 16, 8, 'D', 1),
(337, 16, 36, 'A', 0),
(338, 16, 35, 'B', 1),
(339, 16, 34, 'B', 0),
(340, 16, 33, 'A', 0),
(341, 16, 32, 'C', 0),
(342, 16, 41, 'C', 1),
(343, 16, 40, 'C', 1),
(344, 16, 39, 'B', 1),
(345, 16, 38, 'A', 1),
(346, 16, 37, 'B', 1),
(347, 13, 31, 'B', 0),
(348, 13, 30, 'A', 0),
(349, 13, 29, 'D', 0),
(350, 13, 28, 'A', 0),
(351, 13, 27, 'D', 0),
(352, 13, 26, 'B', 0),
(353, 13, 25, 'D', 0),
(354, 13, 24, 'B', 0),
(355, 13, 23, 'B', 1),
(356, 13, 22, 'A', 0),
(357, 13, 21, 'A', 0),
(358, 13, 20, 'D', 0),
(359, 13, 19, 'D', 0),
(360, 13, 18, 'B', 1),
(361, 13, 17, 'B', 0),
(362, 13, 7, 'B', 1),
(363, 13, 16, 'C', 0),
(364, 13, 15, 'B', 1),
(365, 13, 14, 'B', 0),
(366, 13, 13, 'B', 1),
(367, 13, 12, 'D', 1),
(368, 13, 11, 'D', 1),
(369, 13, 10, 'C', 0),
(370, 13, 9, 'B', 1),
(371, 13, 8, 'D', 1),
(372, 13, 36, 'C', 1),
(373, 13, 35, 'B', 1),
(374, 13, 34, 'C', 0),
(375, 13, 33, 'B', 1),
(376, 13, 32, 'A', 0),
(377, 13, 41, 'B', 0),
(378, 13, 40, NULL, 0),
(379, 13, 39, NULL, 0),
(380, 13, 38, NULL, 0),
(381, 13, 37, NULL, 0),
(382, 14, 31, 'B', 0),
(383, 14, 30, 'A', 0),
(384, 14, 29, 'A', 1),
(385, 14, 28, 'D', 0),
(386, 14, 27, 'D', 0),
(387, 14, 26, 'D', 1),
(388, 14, 25, 'B', 1),
(389, 14, 24, 'B', 0),
(390, 14, 23, 'B', 1),
(391, 14, 22, 'B', 0),
(392, 14, 21, 'B', 1),
(393, 14, 20, 'D', 0),
(394, 14, 19, 'C', 0),
(395, 14, 18, 'C', 0),
(396, 14, 17, 'D', 0),
(397, 14, 7, 'B', 1),
(398, 14, 16, 'A', 0),
(399, 14, 15, 'B', 1),
(400, 14, 14, 'C', 0),
(401, 14, 13, 'B', 1),
(402, 14, 12, 'D', 1),
(403, 14, 11, 'D', 1),
(404, 14, 10, 'C', 0),
(405, 14, 9, 'B', 1),
(406, 14, 8, 'A', 0),
(407, 14, 36, 'B', 0),
(408, 14, 35, 'B', 1),
(409, 14, 34, 'C', 0),
(410, 14, 33, 'C', 0),
(411, 14, 32, 'C', 0),
(412, 14, 41, 'C', 1),
(413, 14, 40, 'A', 0),
(414, 14, 39, 'C', 0),
(415, 14, 38, 'A', 1),
(416, 14, 37, 'A', 0),
(487, 18, 31, 'C', 1),
(488, 18, 30, 'B', 1),
(489, 18, 29, 'C', 0),
(490, 18, 28, 'D', 0),
(491, 18, 27, 'C', 1),
(492, 18, 26, 'C', 0),
(493, 18, 25, 'B', 1),
(494, 18, 24, 'B', 0),
(495, 18, 23, 'B', 1),
(496, 18, 22, 'A', 0),
(497, 18, 21, 'B', 1),
(498, 18, 20, 'B', 0),
(499, 18, 19, 'C', 0),
(500, 18, 18, 'B', 1),
(501, 18, 17, 'D', 0),
(502, 18, 7, 'A', 0),
(503, 18, 16, 'A', 0),
(504, 18, 15, 'B', 1),
(505, 18, 14, 'D', 1),
(506, 18, 13, 'B', 1),
(507, 18, 12, 'D', 1),
(508, 18, 11, 'D', 1),
(509, 18, 10, 'C', 0),
(510, 18, 9, 'B', 1),
(511, 18, 8, 'C', 0),
(512, 18, 36, 'A', 0),
(513, 18, 35, 'B', 1),
(514, 18, 34, 'A', 1),
(515, 18, 33, 'B', 1),
(516, 18, 32, 'B', 1),
(517, 18, 41, 'C', 1),
(518, 18, 40, 'C', 1),
(519, 18, 39, 'B', 1),
(520, 18, 38, 'A', 1),
(521, 18, 37, 'B', 1),
(522, 19, 31, 'C', 1),
(523, 19, 30, 'A', 0),
(524, 19, 29, 'A', 1),
(525, 19, 28, 'D', 0),
(526, 19, 27, 'C', 1),
(527, 19, 26, 'D', 1),
(528, 19, 25, 'B', 1),
(529, 19, 24, 'B', 0),
(530, 19, 23, 'C', 0),
(531, 19, 22, 'A', 0),
(532, 19, 21, 'B', 1),
(533, 19, 20, 'A', 1),
(534, 19, 19, 'A', 1),
(535, 19, 18, 'B', 1),
(536, 19, 17, 'D', 0),
(537, 19, 7, 'A', 0),
(538, 19, 16, 'A', 0),
(539, 19, 15, 'C', 0),
(540, 19, 14, 'D', 1),
(541, 19, 13, 'B', 1),
(542, 19, 12, 'D', 1),
(543, 19, 11, 'D', 1),
(544, 19, 10, 'C', 0),
(545, 19, 9, 'B', 1),
(546, 19, 8, 'C', 0),
(547, 19, 36, 'A', 0),
(548, 19, 35, 'B', 1),
(549, 19, 34, 'A', 1),
(550, 19, 33, 'B', 1),
(551, 19, 32, 'B', 1),
(552, 19, 41, 'C', 1),
(553, 19, 40, 'C', 1),
(554, 19, 39, 'B', 1),
(555, 19, 38, 'A', 1),
(556, 19, 37, 'B', 1),
(627, 24, 31, 'C', 1),
(628, 24, 30, 'B', 1),
(629, 24, 29, 'A', 1),
(630, 24, 28, 'B', 1),
(631, 24, 27, 'C', 1),
(632, 24, 26, 'D', 1),
(633, 24, 25, 'B', 1),
(634, 24, 24, 'A', 1),
(635, 24, 23, 'B', 1),
(636, 24, 22, 'A', 0),
(637, 24, 21, 'B', 1),
(638, 24, 20, 'C', 0),
(639, 24, 19, 'C', 0),
(640, 24, 18, 'D', 0),
(641, 24, 17, 'D', 0),
(642, 24, 7, 'B', 1),
(643, 24, 16, 'C', 0),
(644, 24, 15, 'B', 1),
(645, 24, 14, 'D', 1),
(646, 24, 13, 'B', 1),
(647, 24, 12, 'D', 1),
(648, 24, 11, 'D', 1),
(649, 24, 10, 'C', 0),
(650, 24, 9, 'B', 1),
(651, 24, 8, 'D', 1),
(652, 24, 36, 'C', 1),
(653, 24, 35, 'B', 1),
(654, 24, 34, 'A', 1),
(655, 24, 33, 'B', 1),
(656, 24, 32, 'B', 1),
(657, 24, 41, 'C', 1),
(658, 24, 40, 'C', 1),
(659, 24, 39, 'B', 1),
(660, 24, 38, 'A', 1),
(661, 24, 37, 'B', 1),
(732, 25, 7, NULL, 0),
(733, 25, 8, NULL, 0),
(734, 25, 9, NULL, 0),
(735, 25, 10, NULL, 0),
(736, 25, 11, NULL, 0),
(737, 25, 12, NULL, 0),
(738, 25, 13, NULL, 0),
(739, 25, 14, NULL, 0),
(740, 25, 15, NULL, 0),
(741, 25, 16, NULL, 0),
(742, 25, 17, NULL, 0),
(743, 25, 18, NULL, 0),
(744, 25, 19, NULL, 0),
(745, 25, 20, NULL, 0),
(746, 25, 21, NULL, 0),
(747, 25, 22, NULL, 0),
(748, 25, 23, NULL, 0),
(749, 25, 24, NULL, 0),
(750, 25, 25, NULL, 0),
(751, 25, 26, NULL, 0),
(752, 25, 27, NULL, 0),
(753, 25, 28, NULL, 0),
(754, 25, 29, NULL, 0),
(755, 25, 30, NULL, 0),
(756, 25, 31, NULL, 0),
(757, 25, 32, NULL, 0),
(758, 25, 33, NULL, 0),
(759, 25, 34, NULL, 0),
(760, 25, 35, NULL, 0),
(761, 25, 36, NULL, 0),
(762, 25, 37, NULL, 0),
(763, 25, 38, NULL, 0),
(764, 25, 39, NULL, 0),
(765, 25, 40, NULL, 0),
(766, 25, 41, NULL, 0),
(802, 27, 7, NULL, 0),
(803, 27, 8, NULL, 0),
(804, 27, 9, NULL, 0),
(805, 27, 10, NULL, 0),
(806, 27, 11, NULL, 0),
(807, 27, 12, NULL, 0),
(808, 27, 13, NULL, 0),
(809, 27, 14, NULL, 0),
(810, 27, 15, NULL, 0),
(811, 27, 16, NULL, 0),
(812, 27, 17, NULL, 0),
(813, 27, 18, NULL, 0),
(814, 27, 19, NULL, 0),
(815, 27, 20, NULL, 0),
(816, 27, 21, NULL, 0),
(817, 27, 22, NULL, 0),
(818, 27, 23, NULL, 0),
(819, 27, 24, NULL, 0),
(820, 27, 25, NULL, 0),
(821, 27, 26, NULL, 0),
(822, 27, 27, NULL, 0),
(823, 27, 28, NULL, 0),
(824, 27, 29, NULL, 0),
(825, 27, 30, NULL, 0),
(826, 27, 31, NULL, 0),
(827, 27, 32, NULL, 0),
(828, 27, 33, NULL, 0),
(829, 27, 34, NULL, 0),
(830, 27, 35, NULL, 0),
(831, 27, 36, NULL, 0),
(832, 27, 37, NULL, 0),
(833, 27, 38, NULL, 0),
(834, 27, 39, NULL, 0),
(835, 27, 40, NULL, 0),
(836, 27, 41, NULL, 0),
(837, 28, 7, 'B', 1),
(838, 28, 8, 'B', 0),
(839, 28, 9, 'B', 1),
(840, 28, 10, 'A', 0),
(841, 28, 11, 'D', 1),
(842, 28, 12, 'D', 1),
(843, 28, 13, 'B', 1),
(844, 28, 14, 'D', 1),
(845, 28, 15, 'B', 1),
(846, 28, 16, 'B', 1),
(847, 28, 17, 'B', 0),
(848, 28, 18, 'A', 0),
(849, 28, 19, 'A', 1),
(850, 28, 20, 'B', 0),
(851, 28, 21, 'B', 1),
(852, 28, 22, 'C', 1),
(853, 28, 23, 'B', 1),
(854, 28, 24, 'B', 0),
(855, 28, 25, 'A', 0),
(856, 28, 26, 'D', 1),
(857, 28, 27, 'C', 1),
(858, 28, 28, 'A', 0),
(859, 28, 29, 'C', 0),
(860, 28, 30, 'B', 1),
(861, 28, 31, 'A', 0),
(862, 28, 32, 'B', 1),
(863, 28, 33, 'A', 0),
(864, 28, 34, 'B', 0),
(865, 28, 35, 'B', 1),
(866, 28, 36, 'B', 0),
(867, 28, 37, 'B', 1),
(868, 28, 38, 'A', 1),
(869, 28, 39, 'C', 0),
(870, 28, 40, 'B', 0),
(871, 28, 41, 'C', 1);

-- --------------------------------------------------------

--
-- Table structure for table `tests`
--

CREATE TABLE `tests` (
  `id` int NOT NULL,
  `title` varchar(255) COLLATE utf8mb4_general_ci NOT NULL,
  `description` text COLLATE utf8mb4_general_ci,
  `category` varchar(100) COLLATE utf8mb4_general_ci NOT NULL DEFAULT 'Umum',
  `duration` int NOT NULL COMMENT 'Durasi ujian dalam menit',
  `availability_start` datetime DEFAULT NULL,
  `availability_end` datetime DEFAULT NULL,
  `passing_grade` decimal(5,2) NOT NULL DEFAULT '70.00',
  `retake_mode` tinyint(1) NOT NULL DEFAULT '0' COMMENT '0=No, 1=Request, 2=Yes',
  `scoring_method` enum('points','percentage') COLLATE utf8mb4_general_ci NOT NULL DEFAULT 'points',
  `created_at` timestamp NOT NULL DEFAULT CURRENT_TIMESTAMP
) ENGINE=InnoDB DEFAULT CHARSET=utf8mb4 COLLATE=utf8mb4_general_ci;

--
-- Dumping data for table `tests`
--

INSERT INTO `tests` (`id`, `title`, `description`, `category`, `duration`, `availability_start`, `availability_end`, `passing_grade`, `retake_mode`, `scoring_method`, `created_at`) VALUES
(4, 'JFT SIMULATION', 'latian JFT', 'irodori', 40, '2025-11-19 15:00:00', '2025-12-05 15:00:00', 25.00, 2, 'points', '2025-11-08 04:48:25'),
(5, 'JFT 2', 'JFT Kanji', 'JFT 2', 60, '2025-11-12 15:12:00', '2025-11-19 15:12:00', 10.00, 0, 'points', '2025-11-13 12:13:45'),
(6, 'JFT 3', 'JFT 3', 'JFT 3', 70, '2025-11-12 09:58:00', '2025-11-19 09:58:00', 70.00, 0, 'points', '2025-11-14 03:59:27'),
(7, 'JFT FINAL', 'JFT FINAL', 'JFT FINAL', 68, '2025-11-12 10:15:00', '2025-11-19 10:15:00', 70.00, 0, 'points', '2025-11-14 04:17:15'),
(8, 'JFT 4', 'JFT 4', 'JFT 4', 70, '2025-11-13 01:00:00', '2025-11-20 01:00:00', 10.00, 0, 'points', '2025-11-14 09:21:39'),
(9, 'JFT 5', 'JFT 5', 'JFT 5', 67, '2025-11-26 15:00:00', '2025-12-03 15:00:00', 70.00, 0, 'points', '2025-11-20 12:44:12'),
(10, 'JFT 6', 'JFT 6', 'JFT 6', 60, '2025-11-09 22:00:00', '2025-11-28 22:00:00', 80.00, 2, 'points', '2025-11-23 08:29:32');

-- --------------------------------------------------------

--
-- Table structure for table `test_assignments`
--

CREATE TABLE `test_assignments` (
  `id` int NOT NULL,
  `test_id` int NOT NULL,
  `class_id` int NOT NULL
) ENGINE=InnoDB DEFAULT CHARSET=utf8mb4 COLLATE=utf8mb4_general_ci;

-- --------------------------------------------------------

--
-- Table structure for table `test_questions`
--

CREATE TABLE `test_questions` (
  `id` int NOT NULL,
  `test_id` int NOT NULL,
  `question_id` int NOT NULL,
  `question_order` int NOT NULL DEFAULT '0' COMMENT 'Untuk fitur urutan soal nanti',
  `points` decimal(5,2) NOT NULL DEFAULT '1.00',
  `section_name` varchar(150) COLLATE utf8mb4_general_ci DEFAULT NULL
) ENGINE=InnoDB DEFAULT CHARSET=utf8mb4 COLLATE=utf8mb4_general_ci;

--
-- Dumping data for table `test_questions`
--

INSERT INTO `test_questions` (`id`, `test_id`, `question_id`, `question_order`, `points`, `section_name`) VALUES
(499, 5, 65, 2, 1.00, NULL),
(500, 5, 64, 3, 1.00, NULL),
(501, 5, 63, 4, 1.00, NULL),
(502, 5, 62, 5, 1.00, NULL),
(503, 5, 61, 6, 1.00, NULL),
(504, 5, 60, 7, 1.00, NULL),
(505, 5, 59, 8, 1.00, NULL),
(506, 5, 58, 9, 1.00, NULL),
(507, 5, 57, 10, 1.00, NULL),
(508, 5, 56, 11, 1.00, NULL),
(509, 5, 55, 12, 1.00, NULL),
(510, 5, 54, 13, 1.00, NULL),
(511, 5, 53, 14, 1.00, NULL),
(512, 5, 52, 15, 1.00, NULL),
(513, 5, 51, 16, 1.00, NULL),
(514, 5, 50, 17, 1.00, NULL),
(515, 5, 49, 18, 1.00, NULL),
(516, 5, 48, 19, 1.00, NULL),
(517, 5, 47, 20, 1.00, NULL),
(518, 5, 46, 21, 1.00, NULL),
(519, 5, 45, 22, 1.00, NULL),
(520, 5, 44, 23, 1.00, NULL),
(521, 5, 43, 24, 1.00, NULL),
(522, 5, 42, 25, 1.00, NULL),
(792, 7, 41, 1, 1.00, NULL),
(793, 7, 40, 2, 1.00, NULL),
(794, 7, 39, 3, 1.00, NULL),
(795, 7, 38, 4, 1.00, NULL),
(796, 7, 37, 5, 1.00, NULL),
(797, 7, 36, 6, 1.00, NULL),
(798, 7, 35, 7, 1.00, NULL),
(799, 7, 34, 8, 1.00, NULL),
(800, 7, 33, 9, 1.00, NULL),
(801, 7, 32, 10, 1.00, NULL),
(802, 7, 31, 11, 1.00, NULL),
(803, 7, 30, 12, 1.00, NULL),
(804, 7, 29, 13, 1.00, NULL),
(805, 7, 28, 14, 1.00, NULL),
(806, 7, 27, 15, 1.00, NULL),
(808, 7, 65, 17, 1.00, NULL),
(809, 7, 61, 18, 1.00, NULL),
(810, 7, 60, 19, 1.00, NULL),
(811, 7, 57, 20, 1.00, NULL),
(812, 7, 54, 21, 1.00, NULL),
(813, 7, 53, 22, 1.00, NULL),
(814, 7, 52, 23, 1.00, NULL),
(815, 7, 63, 24, 1.00, NULL),
(816, 7, 62, 25, 1.00, NULL),
(817, 7, 94, 26, 1.00, NULL),
(818, 7, 93, 27, 1.00, NULL),
(819, 7, 92, 28, 1.00, NULL),
(820, 7, 91, 29, 1.00, NULL),
(821, 7, 90, 30, 1.00, NULL),
(823, 7, 88, 32, 1.00, NULL),
(824, 7, 87, 33, 1.00, NULL),
(825, 7, 86, 34, 1.00, NULL),
(826, 7, 85, 35, 1.00, NULL),
(827, 7, 84, 36, 1.00, NULL),
(828, 7, 83, 37, 1.00, NULL),
(829, 7, 82, 38, 1.00, NULL),
(831, 7, 80, 40, 1.00, NULL),
(1042, 8, 110, 1, 1.00, NULL),
(1043, 8, 109, 2, 1.00, NULL),
(1044, 8, 108, 3, 1.00, NULL),
(1045, 8, 107, 4, 1.00, NULL),
(1046, 8, 106, 5, 1.00, NULL),
(1047, 8, 104, 6, 1.00, NULL),
(1048, 8, 103, 7, 1.00, NULL),
(1049, 8, 102, 8, 1.00, NULL),
(1050, 8, 101, 9, 1.00, NULL),
(1051, 8, 100, 10, 1.00, NULL),
(1052, 8, 99, 11, 1.00, NULL),
(1053, 8, 98, 12, 1.00, NULL),
(1054, 8, 97, 13, 1.00, NULL),
(1055, 8, 96, 14, 1.00, NULL),
(1056, 8, 95, 15, 1.00, NULL),
(1057, 8, 136, 16, 1.00, NULL),
(1058, 8, 134, 17, 1.00, NULL),
(1059, 8, 133, 18, 1.00, NULL),
(1060, 8, 132, 19, 1.00, NULL),
(1061, 8, 131, 20, 1.00, NULL),
(1062, 8, 130, 21, 1.00, NULL),
(1063, 8, 129, 22, 1.00, NULL),
(1064, 8, 128, 23, 1.00, NULL),
(1065, 8, 127, 24, 1.00, NULL),
(1066, 8, 126, 25, 1.00, NULL),
(1067, 8, 125, 26, 1.00, NULL),
(1068, 8, 124, 27, 1.00, NULL),
(1069, 8, 123, 28, 1.00, NULL),
(1070, 8, 122, 29, 1.00, NULL),
(1071, 8, 121, 30, 1.00, NULL),
(1072, 8, 120, 31, 1.00, NULL),
(1073, 8, 119, 32, 1.00, NULL),
(1074, 8, 118, 33, 1.00, NULL),
(1075, 8, 117, 34, 1.00, NULL),
(1076, 8, 116, 35, 1.00, NULL),
(1077, 8, 115, 36, 1.00, NULL),
(1078, 8, 114, 37, 1.00, NULL),
(1079, 8, 113, 38, 1.00, NULL),
(1080, 8, 112, 39, 1.00, NULL),
(1081, 8, 111, 40, 1.00, NULL),
(1192, 4, 31, 1, 1.00, NULL),
(1193, 4, 30, 2, 1.00, NULL),
(1194, 4, 29, 3, 1.00, NULL),
(1195, 4, 28, 4, 1.00, NULL),
(1196, 4, 27, 5, 1.00, NULL),
(1197, 4, 26, 6, 1.00, NULL),
(1198, 4, 25, 7, 1.00, NULL),
(1199, 4, 24, 8, 1.00, NULL),
(1200, 4, 23, 9, 1.00, NULL),
(1201, 4, 22, 10, 1.00, NULL),
(1202, 4, 21, 11, 1.00, NULL),
(1203, 4, 20, 12, 1.00, NULL),
(1204, 4, 19, 13, 1.00, NULL),
(1205, 4, 18, 14, 1.00, NULL),
(1206, 4, 17, 15, 1.00, NULL),
(1207, 4, 7, 16, 1.00, NULL),
(1208, 4, 16, 17, 1.00, NULL),
(1209, 4, 15, 18, 1.00, NULL),
(1210, 4, 14, 19, 1.00, NULL),
(1211, 4, 13, 20, 1.00, NULL),
(1212, 4, 12, 21, 1.00, NULL),
(1213, 4, 11, 22, 1.00, NULL),
(1214, 4, 10, 23, 1.00, NULL),
(1215, 4, 9, 24, 1.00, NULL),
(1216, 4, 8, 25, 1.00, NULL),
(1217, 4, 36, 26, 1.00, NULL),
(1218, 4, 35, 27, 1.00, NULL),
(1219, 4, 34, 28, 1.00, NULL),
(1220, 4, 33, 29, 1.00, NULL),
(1221, 4, 32, 30, 1.00, NULL),
(1222, 4, 41, 31, 1.00, NULL),
(1223, 4, 40, 32, 1.00, NULL),
(1224, 4, 39, 33, 1.00, NULL),
(1225, 4, 38, 34, 1.00, NULL),
(1226, 4, 37, 35, 1.00, NULL),
(1367, 6, 85, 1, 1.00, NULL),
(1368, 6, 84, 2, 1.00, NULL),
(1369, 6, 83, 3, 1.00, NULL),
(1370, 6, 82, 4, 1.00, NULL),
(1371, 6, 80, 5, 1.00, NULL),
(1372, 6, 79, 6, 1.00, NULL),
(1373, 6, 78, 7, 1.00, NULL),
(1374, 6, 77, 8, 1.00, NULL),
(1375, 6, 76, 9, 1.00, NULL),
(1376, 6, 75, 10, 1.00, NULL),
(1377, 6, 74, 11, 1.00, NULL),
(1378, 6, 73, 12, 1.00, NULL),
(1379, 6, 72, 13, 1.00, NULL),
(1380, 6, 71, 14, 1.00, NULL),
(1381, 6, 70, 15, 1.00, NULL),
(1382, 6, 68, 16, 1.00, NULL),
(1383, 6, 67, 17, 1.00, NULL),
(1384, 6, 94, 18, 1.00, NULL),
(1385, 6, 93, 19, 1.00, NULL),
(1386, 6, 92, 20, 1.00, NULL),
(1387, 6, 91, 21, 1.00, NULL),
(1388, 6, 90, 22, 1.00, NULL),
(1389, 6, 88, 23, 1.00, NULL),
(1390, 6, 87, 24, 1.00, NULL),
(1391, 6, 86, 25, 1.00, NULL),
(1642, 9, 180, 1, 1.00, NULL),
(1643, 9, 179, 2, 1.00, NULL),
(1644, 9, 178, 3, 1.00, NULL),
(1645, 9, 177, 4, 1.00, NULL),
(1646, 9, 176, 5, 1.00, NULL),
(1647, 9, 175, 6, 1.00, NULL),
(1698, 10, 161, 1, 2.00, 'Script and Vocabulary'),
(1699, 10, 160, 2, 2.00, 'Script and Vocabulary'),
(1700, 10, 155, 3, 2.00, 'Conversation and Expression'),
(1701, 10, 154, 4, 2.00, 'Conversation and Expression'),
(1702, 10, 153, 5, 2.00, 'Conversation and Expression'),
(1703, 10, 151, 6, 2.00, 'Conversation and Expression'),
(1704, 10, 150, 7, 2.00, 'Conversation and Expression'),
(1705, 10, 186, 8, 2.00, 'Reading Comprehension'),
(1706, 10, 185, 9, 2.00, 'Reading Comprehension'),
(1707, 10, 184, 10, 2.00, 'Reading Comprehension'),
(1708, 10, 183, 11, 2.00, NULL),
(1709, 10, 182, 12, 2.00, NULL),
(1710, 10, 181, 13, 2.00, 'Reading Comprehension'),
(1711, 10, 180, 14, 2.00, 'Reading Comprehension'),
(1712, 10, 179, 15, 2.00, 'Reading Comprehension'),
(1713, 10, 178, 16, 2.00, 'Reading Comprehension'),
(1714, 10, 116, 17, 2.00, 'Reading Comprehension'),
(1715, 10, 115, 18, 2.00, 'Reading Comprehension'),
(1716, 10, 114, 19, 2.00, NULL),
(1717, 10, 113, 20, 2.00, NULL),
(1718, 10, 112, 21, 2.00, NULL),
(1719, 10, 111, 22, 2.00, NULL),
(1720, 10, 110, 23, 2.00, NULL),
(1721, 10, 109, 24, 2.00, NULL),
(1722, 10, 108, 25, 2.00, NULL),
(1723, 10, 107, 26, 2.00, NULL),
(1724, 10, 106, 27, 2.00, NULL),
(1725, 10, 104, 28, 2.00, NULL),
(1726, 10, 103, 29, 2.00, NULL),
(1727, 10, 102, 30, 2.00, NULL),
(1728, 10, 101, 31, 2.00, NULL),
(1729, 10, 100, 32, 2.00, NULL),
(1730, 10, 99, 33, 2.00, NULL),
(1731, 10, 98, 34, 2.00, NULL),
(1732, 10, 97, 35, 2.00, NULL),
(1733, 10, 96, 36, 2.00, NULL),
(1734, 10, 74, 37, 2.00, NULL),
(1735, 10, 73, 38, 2.00, NULL),
(1736, 10, 72, 39, 2.00, NULL),
(1737, 10, 71, 40, 2.00, NULL),
(1738, 10, 70, 41, 2.00, NULL),
(1739, 10, 68, 42, 2.00, NULL),
(1740, 10, 67, 43, 2.00, NULL),
(1741, 10, 65, 44, 2.00, NULL),
(1742, 10, 64, 45, 2.00, NULL),
(1743, 10, 63, 46, 2.00, NULL),
(1744, 10, 52, 47, 2.00, NULL),
(1745, 10, 51, 48, 2.00, NULL),
(1746, 10, 50, 49, 2.00, NULL),
(1747, 10, 49, 50, 2.00, NULL);

-- --------------------------------------------------------

--
-- Table structure for table `test_results`
--

CREATE TABLE `test_results` (
  `id` int NOT NULL,
  `student_id` int NOT NULL,
  `test_id` int NOT NULL,
  `score` decimal(5,2) DEFAULT NULL,
  `start_time` datetime NOT NULL,
  `end_time` datetime DEFAULT NULL,
  `status` enum('in_progress','completed') COLLATE utf8mb4_general_ci NOT NULL DEFAULT 'in_progress'
) ENGINE=InnoDB DEFAULT CHARSET=utf8mb4 COLLATE=utf8mb4_general_ci;

--
-- Dumping data for table `test_results`
--

INSERT INTO `test_results` (`id`, `student_id`, `test_id`, `score`, `start_time`, `end_time`, `status`) VALUES
(10, 16, 4, 13.00, '2025-11-14 13:35:51', '2025-11-14 14:15:55', 'completed'),
(11, 15, 4, 20.00, '2025-11-14 13:35:53', '2025-11-14 14:15:25', 'completed'),
(12, 14, 4, 24.00, '2025-11-14 13:35:55', '2025-11-14 14:15:48', 'completed'),
(13, 19, 4, 12.00, '2025-11-14 13:36:00', '2025-11-14 14:16:03', 'completed'),
(14, 18, 4, 14.00, '2025-11-14 13:36:01', '2025-11-14 14:16:04', 'completed'),
(16, 12, 4, 21.00, '2025-11-14 13:36:02', '2025-11-14 14:16:00', 'completed'),
(18, 15, 4, 22.00, '2025-11-14 18:23:56', '2025-11-14 18:36:36', 'completed'),
(19, 15, 4, 23.00, '2025-11-15 11:07:16', '2025-11-15 11:11:43', 'completed'),
(24, 15, 4, 28.00, '2025-11-17 09:38:35', '2025-11-17 10:06:27', 'completed'),
(25, 16, 4, 0.00, '2025-11-17 13:02:13', '2025-11-21 09:39:38', 'completed'),
(27, 16, 4, 0.00, '2025-11-21 09:39:56', '2025-11-21 17:24:38', 'completed'),
(28, 16, 4, 20.00, '2025-11-21 17:24:58', '2025-11-21 18:05:00', 'completed');

-- --------------------------------------------------------

--
-- Table structure for table `users`
--

CREATE TABLE `users` (
  `id` int NOT NULL,
  `username` varchar(50) COLLATE utf8mb4_general_ci NOT NULL,
  `password` varchar(255) COLLATE utf8mb4_general_ci NOT NULL,
  `role` enum('admin','student') COLLATE utf8mb4_general_ci NOT NULL,
  `created_at` datetime DEFAULT CURRENT_TIMESTAMP
) ENGINE=InnoDB DEFAULT CHARSET=utf8mb4 COLLATE=utf8mb4_general_ci;

--
-- Dumping data for table `users`
--

INSERT INTO `users` (`id`, `username`, `password`, `role`, `created_at`) VALUES
(1, 'admin', '$2y$10$3xBj/ZCW2ZYFwkmcPOLChu51BQebgd3Ur6pFesORVVCb9PgvXCODe', 'admin', '2025-08-10 12:53:08'),
(12, 'zufar', '$2y$10$nX52K.rEC1bKxnZP8FKUAuZm.BQnvsaw/K2oPDiIE3zhtfs8eHKL.', 'student', '2025-11-12 21:12:19'),
(14, 'gladis', '$2y$10$BheG7Ritl3Ln52FtPk0kje.fhJieQtsSJaygg3mt6vWipAAtmLEU6', 'student', '2025-11-12 21:12:55'),
(15, 'pameta', '$2y$10$qUArFo2ob9kmVcPVj1BDuuXvlf4ZReLlMCP5PiMhkWoyVpa97saFW', 'student', '2025-11-12 21:13:08'),
(16, 'firman', '$2y$10$UXHvsXYBzFL4fPWRKM9fQ.069OT3EaNbWOBGle9WV3/RGP9bgliau', 'student', '2025-11-12 21:13:26'),
(17, 'tedi', '$2y$10$KWq7Ua0bFCtoNKgLKLW/fedfTbUMAHu.hu4QsQsFqh2e9S6AdmhjW', 'student', '2025-11-12 21:13:47'),
(18, 'atika', '$2y$10$u1wb79jkQO6NB0K/Ymc9KeMpQxss8lid5Z/w.JJ2oYBxBBdXvRucO', 'student', '2025-11-12 21:14:04'),
(19, 'adib', '$2y$10$dJlY2clkMGkTP96d9YVSI.f4bLAKY6DAKgKSt0RjYJStH.QsyR8D6', 'student', '2025-11-12 21:14:22'),
(31, 'dfsfsf', '$2y$10$TE0A.zYPH3MTzC2Wit4dLec.Zdr7Gp5bvgws53lPq6ly2If8uu8K.', 'student', '2025-11-28 05:34:08');

--
-- Indexes for dumped tables
--

--
-- Indexes for table `classes`
--
ALTER TABLE `classes`
  ADD PRIMARY KEY (`id`);

--
-- Indexes for table `class_members`
--
ALTER TABLE `class_members`
  ADD PRIMARY KEY (`id`),
  ADD UNIQUE KEY `class_student_unique` (`class_id`,`student_id`),
  ADD KEY `student_id` (`student_id`);

--
-- Indexes for table `media_files`
--
ALTER TABLE `media_files`
  ADD PRIMARY KEY (`id`),
  ADD KEY `folder_id` (`folder_id`);

--
-- Indexes for table `media_folders`
--
ALTER TABLE `media_folders`
  ADD PRIMARY KEY (`id`),
  ADD KEY `parent_id` (`parent_id`);

--
-- Indexes for table `questions`
--
ALTER TABLE `questions`
  ADD PRIMARY KEY (`id`),
  ADD KEY `package_id` (`package_id`);

--
-- Indexes for table `question_packages`
--
ALTER TABLE `question_packages`
  ADD PRIMARY KEY (`id`);

--
-- Indexes for table `retake_requests`
--
ALTER TABLE `retake_requests`
  ADD PRIMARY KEY (`id`),
  ADD KEY `student_id` (`student_id`),
  ADD KEY `test_id` (`test_id`),
  ADD KEY `test_result_id` (`test_result_id`);

--
-- Indexes for table `student_answers`
--
ALTER TABLE `student_answers`
  ADD PRIMARY KEY (`id`),
  ADD KEY `test_result_id` (`test_result_id`),
  ADD KEY `question_id` (`question_id`);

--
-- Indexes for table `tests`
--
ALTER TABLE `tests`
  ADD PRIMARY KEY (`id`);

--
-- Indexes for table `test_assignments`
--
ALTER TABLE `test_assignments`
  ADD PRIMARY KEY (`id`),
  ADD UNIQUE KEY `test_class_unique` (`test_id`,`class_id`),
  ADD KEY `class_id` (`class_id`);

--
-- Indexes for table `test_questions`
--
ALTER TABLE `test_questions`
  ADD PRIMARY KEY (`id`),
  ADD UNIQUE KEY `test_question_unique` (`test_id`,`question_id`),
  ADD KEY `question_id` (`question_id`);

--
-- Indexes for table `test_results`
--
ALTER TABLE `test_results`
  ADD PRIMARY KEY (`id`),
  ADD KEY `student_id` (`student_id`),
  ADD KEY `test_id` (`test_id`);

--
-- Indexes for table `users`
--
ALTER TABLE `users`
  ADD PRIMARY KEY (`id`),
  ADD UNIQUE KEY `username` (`username`);

--
-- AUTO_INCREMENT for dumped tables
--

--
-- AUTO_INCREMENT for table `classes`
--
ALTER TABLE `classes`
  MODIFY `id` int NOT NULL AUTO_INCREMENT, AUTO_INCREMENT=17;

--
-- AUTO_INCREMENT for table `class_members`
--
ALTER TABLE `class_members`
  MODIFY `id` int NOT NULL AUTO_INCREMENT, AUTO_INCREMENT=311;

--
-- AUTO_INCREMENT for table `media_files`
--
ALTER TABLE `media_files`
  MODIFY `id` int NOT NULL AUTO_INCREMENT, AUTO_INCREMENT=15;

--
-- AUTO_INCREMENT for table `media_folders`
--
ALTER TABLE `media_folders`
  MODIFY `id` int NOT NULL AUTO_INCREMENT, AUTO_INCREMENT=3;

--
-- AUTO_INCREMENT for table `questions`
--
ALTER TABLE `questions`
  MODIFY `id` int NOT NULL AUTO_INCREMENT;

--
-- AUTO_INCREMENT for table `question_packages`
--
ALTER TABLE `question_packages`
  MODIFY `id` int NOT NULL AUTO_INCREMENT, AUTO_INCREMENT=16;

--
-- AUTO_INCREMENT for table `retake_requests`
--
ALTER TABLE `retake_requests`
  MODIFY `id` int NOT NULL AUTO_INCREMENT;

--
-- AUTO_INCREMENT for table `student_answers`
--
ALTER TABLE `student_answers`
  MODIFY `id` int NOT NULL AUTO_INCREMENT, AUTO_INCREMENT=872;

--
-- AUTO_INCREMENT for table `tests`
--
ALTER TABLE `tests`
  MODIFY `id` int NOT NULL AUTO_INCREMENT, AUTO_INCREMENT=13;

--
-- AUTO_INCREMENT for table `test_assignments`
--
ALTER TABLE `test_assignments`
  MODIFY `id` int NOT NULL AUTO_INCREMENT, AUTO_INCREMENT=74;

--
-- AUTO_INCREMENT for table `test_questions`
--
ALTER TABLE `test_questions`
  MODIFY `id` int NOT NULL AUTO_INCREMENT, AUTO_INCREMENT=1748;

--
-- AUTO_INCREMENT for table `test_results`
--
ALTER TABLE `test_results`
  MODIFY `id` int NOT NULL AUTO_INCREMENT, AUTO_INCREMENT=29;

--
-- AUTO_INCREMENT for table `users`
--
ALTER TABLE `users`
  MODIFY `id` int NOT NULL AUTO_INCREMENT, AUTO_INCREMENT=32;

--
-- Constraints for dumped tables
--

--
-- Constraints for table `class_members`
--
ALTER TABLE `class_members`
  ADD CONSTRAINT `class_members_ibfk_1` FOREIGN KEY (`class_id`) REFERENCES `classes` (`id`) ON DELETE CASCADE,
  ADD CONSTRAINT `class_members_ibfk_2` FOREIGN KEY (`student_id`) REFERENCES `users` (`id`) ON DELETE CASCADE;

--
-- Constraints for table `questions`
--
ALTER TABLE `questions`
  ADD CONSTRAINT `questions_ibfk_1` FOREIGN KEY (`package_id`) REFERENCES `question_packages` (`id`) ON DELETE SET NULL;

--
-- Constraints for table `retake_requests`
--
ALTER TABLE `retake_requests`
  ADD CONSTRAINT `retake_requests_ibfk_1` FOREIGN KEY (`student_id`) REFERENCES `users` (`id`) ON DELETE CASCADE,
  ADD CONSTRAINT `retake_requests_ibfk_2` FOREIGN KEY (`test_id`) REFERENCES `tests` (`id`) ON DELETE CASCADE,
  ADD CONSTRAINT `retake_requests_ibfk_3` FOREIGN KEY (`test_result_id`) REFERENCES `test_results` (`id`) ON DELETE CASCADE;

--
-- Constraints for table `student_answers`
--
ALTER TABLE `student_answers`
  ADD CONSTRAINT `student_answers_ibfk_1` FOREIGN KEY (`test_result_id`) REFERENCES `test_results` (`id`) ON DELETE CASCADE,
  ADD CONSTRAINT `student_answers_ibfk_2` FOREIGN KEY (`question_id`) REFERENCES `questions` (`id`) ON DELETE CASCADE;

--
-- Constraints for table `test_assignments`
--
ALTER TABLE `test_assignments`
  ADD CONSTRAINT `test_assignments_ibfk_1` FOREIGN KEY (`test_id`) REFERENCES `tests` (`id`) ON DELETE CASCADE,
  ADD CONSTRAINT `test_assignments_ibfk_2` FOREIGN KEY (`class_id`) REFERENCES `classes` (`id`) ON DELETE CASCADE;

--
-- Constraints for table `test_questions`
--
ALTER TABLE `test_questions`
  ADD CONSTRAINT `test_questions_ibfk_1` FOREIGN KEY (`test_id`) REFERENCES `tests` (`id`) ON DELETE CASCADE,
  ADD CONSTRAINT `test_questions_ibfk_2` FOREIGN KEY (`question_id`) REFERENCES `questions` (`id`) ON DELETE CASCADE;

--
-- Constraints for table `test_results`
--
ALTER TABLE `test_results`
  ADD CONSTRAINT `test_results_ibfk_1` FOREIGN KEY (`student_id`) REFERENCES `users` (`id`) ON DELETE CASCADE,
  ADD CONSTRAINT `test_results_ibfk_2` FOREIGN KEY (`test_id`) REFERENCES `tests` (`id`) ON DELETE CASCADE;
COMMIT;

/*!40101 SET CHARACTER_SET_CLIENT=@OLD_CHARACTER_SET_CLIENT */;
/*!40101 SET CHARACTER_SET_RESULTS=@OLD_CHARACTER_SET_RESULTS */;
/*!40101 SET COLLATION_CONNECTION=@OLD_COLLATION_CONNECTION */;
